-- phpMyAdmin SQL Dump
-- version 5.2.0
-- https://www.phpmyadmin.net/
--
-- Host: localhost:3306
-- Generation Time: Jun 25, 2025 at 02:11 PM
-- Server version: 8.4.3
-- PHP Version: 8.3.16

SET SQL_MODE = "NO_AUTO_VALUE_ON_ZERO";
START TRANSACTION;
SET time_zone = "+00:00";


/*!40101 SET @OLD_CHARACTER_SET_CLIENT=@@CHARACTER_SET_CLIENT */;
/*!40101 SET @OLD_CHARACTER_SET_RESULTS=@@CHARACTER_SET_RESULTS */;
/*!40101 SET @OLD_COLLATION_CONNECTION=@@COLLATION_CONNECTION */;
/*!40101 SET NAMES utf8mb4 */;

--
-- Database: `uas_dw`
--

-- --------------------------------------------------------

--
-- Table structure for table `dimdate`
--

CREATE TABLE `dimdate` (
  `DateID` int NOT NULL,
  `JoiningDate` date DEFAULT NULL,
  `Year` int DEFAULT NULL,
  `Month` int DEFAULT NULL,
  `Day` int DEFAULT NULL
) ENGINE=InnoDB DEFAULT CHARSET=utf8mb4 COLLATE=utf8mb4_0900_ai_ci;

--
-- Dumping data for table `dimdate`
--

INSERT INTO `dimdate` (`DateID`, `JoiningDate`, `Year`, `Month`, `Day`) VALUES
(1, '2015-05-03', 2015, 5, 3),
(2, '2020-11-09', 2020, 11, 9),
(3, '2019-02-12', 2019, 2, 12),
(4, '2017-09-08', 2017, 9, 8),
(5, '2020-02-15', 2020, 2, 15),
(6, '2016-06-24', 2016, 6, 24),
(7, '2023-05-11', 2023, 5, 11),
(8, '2015-04-01', 2015, 4, 1),
(9, '2024-02-07', 2024, 2, 7),
(10, '2018-05-26', 2018, 5, 26),
(11, '2015-01-28', 2015, 1, 28),
(12, '2015-03-14', 2015, 3, 14),
(13, '2020-06-21', 2020, 6, 21),
(14, '2019-06-23', 2019, 6, 23),
(15, '2020-06-01', 2020, 6, 1),
(16, '2017-07-25', 2017, 7, 25),
(17, '2019-02-19', 2019, 2, 19),
(18, '2018-05-18', 2018, 5, 18),
(19, '2017-07-16', 2017, 7, 16),
(20, '2023-06-07', 2023, 6, 7),
(21, '2018-02-07', 2018, 2, 7),
(22, '2020-05-04', 2020, 5, 4),
(23, '2015-12-16', 2015, 12, 16),
(24, '2021-01-30', 2021, 1, 30),
(25, '2022-04-09', 2022, 4, 9),
(26, '2020-02-20', 2020, 2, 20),
(27, '2024-05-01', 2024, 5, 1),
(28, '2018-07-07', 2018, 7, 7),
(29, '2019-10-28', 2019, 10, 28),
(30, '2016-08-18', 2016, 8, 18),
(31, '2020-01-20', 2020, 1, 20),
(32, '2021-12-16', 2021, 12, 16),
(33, '2024-06-10', 2024, 6, 10),
(34, '2017-08-17', 2017, 8, 17),
(35, '2017-09-26', 2017, 9, 26),
(36, '2019-06-12', 2019, 6, 12),
(37, '2018-02-25', 2018, 2, 25),
(38, '2021-04-11', 2021, 4, 11),
(39, '2016-05-15', 2016, 5, 15),
(40, '2024-08-12', 2024, 8, 12),
(41, '2024-01-29', 2024, 1, 29),
(42, '2024-11-10', 2024, 11, 10),
(43, '2021-10-22', 2021, 10, 22),
(44, '2014-12-19', 2014, 12, 19),
(45, '2017-10-03', 2017, 10, 3),
(46, '2020-10-31', 2020, 10, 31),
(47, '2019-09-03', 2019, 9, 3),
(48, '2017-02-03', 2017, 2, 3),
(49, '2023-02-25', 2023, 2, 25),
(50, '2023-09-21', 2023, 9, 21),
(51, '2015-12-07', 2015, 12, 7),
(52, '2023-09-17', 2023, 9, 17),
(53, '2022-03-26', 2022, 3, 26),
(54, '2019-01-07', 2019, 1, 7),
(55, '2023-10-11', 2023, 10, 11),
(56, '2020-07-29', 2020, 7, 29),
(57, '2024-08-11', 2024, 8, 11),
(58, '2021-04-09', 2021, 4, 9),
(59, '2018-02-07', 2018, 2, 7),
(60, '2021-04-12', 2021, 4, 12),
(61, '2020-02-08', 2020, 2, 8),
(62, '2023-01-30', 2023, 1, 30),
(63, '2023-06-02', 2023, 6, 2),
(64, '2023-02-17', 2023, 2, 17),
(65, '2019-10-19', 2019, 10, 19),
(66, '2021-01-01', 2021, 1, 1),
(67, '2021-09-21', 2021, 9, 21),
(68, '2024-10-31', 2024, 10, 31),
(69, '2017-10-19', 2017, 10, 19),
(70, '2020-09-28', 2020, 9, 28),
(71, '2018-04-08', 2018, 4, 8),
(72, '2019-05-18', 2019, 5, 18),
(73, '2016-04-06', 2016, 4, 6),
(74, '2018-03-21', 2018, 3, 21),
(75, '2023-07-01', 2023, 7, 1),
(76, '2023-10-20', 2023, 10, 20),
(77, '2015-05-14', 2015, 5, 14),
(78, '2016-02-23', 2016, 2, 23),
(79, '2016-05-22', 2016, 5, 22),
(80, '2019-07-06', 2019, 7, 6),
(81, '2021-07-28', 2021, 7, 28),
(82, '2020-11-12', 2020, 11, 12),
(83, '2020-11-02', 2020, 11, 2),
(84, '2017-06-23', 2017, 6, 23),
(85, '2020-07-01', 2020, 7, 1),
(86, '2017-10-04', 2017, 10, 4),
(87, '2015-01-08', 2015, 1, 8),
(88, '2023-01-07', 2023, 1, 7),
(89, '2024-08-02', 2024, 8, 2),
(90, '2020-07-16', 2020, 7, 16),
(91, '2023-03-16', 2023, 3, 16),
(92, '2023-12-20', 2023, 12, 20),
(93, '2021-03-13', 2021, 3, 13),
(94, '2023-02-06', 2023, 2, 6),
(95, '2018-01-29', 2018, 1, 29),
(96, '2024-06-08', 2024, 6, 8),
(97, '2017-01-14', 2017, 1, 14),
(98, '2015-08-07', 2015, 8, 7),
(99, '2018-09-15', 2018, 9, 15),
(100, '2017-12-24', 2017, 12, 24),
(101, '2021-01-23', 2021, 1, 23),
(102, '2020-02-22', 2020, 2, 22),
(103, '2019-09-16', 2019, 9, 16),
(104, '2023-03-25', 2023, 3, 25),
(105, '2021-04-28', 2021, 4, 28),
(106, '2015-10-06', 2015, 10, 6),
(107, '2017-12-19', 2017, 12, 19),
(108, '2019-01-05', 2019, 1, 5),
(109, '2019-04-24', 2019, 4, 24),
(110, '2017-12-10', 2017, 12, 10),
(111, '2016-08-20', 2016, 8, 20),
(112, '2021-10-30', 2021, 10, 30),
(113, '2016-01-29', 2016, 1, 29),
(114, '2021-03-26', 2021, 3, 26),
(115, '2021-05-10', 2021, 5, 10),
(116, '2017-05-10', 2017, 5, 10),
(117, '2016-07-09', 2016, 7, 9),
(118, '2021-01-16', 2021, 1, 16),
(119, '2022-01-02', 2022, 1, 2),
(120, '2024-01-26', 2024, 1, 26),
(121, '2024-07-06', 2024, 7, 6),
(122, '2020-06-12', 2020, 6, 12),
(123, '2017-04-21', 2017, 4, 21),
(124, '2018-03-08', 2018, 3, 8),
(125, '2022-10-16', 2022, 10, 16),
(126, '2016-12-25', 2016, 12, 25),
(127, '2015-11-27', 2015, 11, 27),
(128, '2020-05-03', 2020, 5, 3),
(129, '2019-01-21', 2019, 1, 21),
(130, '2019-09-22', 2019, 9, 22),
(131, '2021-07-07', 2021, 7, 7),
(132, '2020-08-07', 2020, 8, 7),
(133, '2021-06-26', 2021, 6, 26),
(134, '2022-01-19', 2022, 1, 19),
(135, '2023-08-03', 2023, 8, 3),
(136, '2023-09-29', 2023, 9, 29),
(137, '2017-06-29', 2017, 6, 29),
(138, '2020-05-17', 2020, 5, 17),
(139, '2021-08-21', 2021, 8, 21),
(140, '2020-11-18', 2020, 11, 18),
(141, '2020-08-15', 2020, 8, 15),
(142, '2024-10-22', 2024, 10, 22),
(143, '2020-07-17', 2020, 7, 17),
(144, '2024-04-07', 2024, 4, 7),
(145, '2019-05-14', 2019, 5, 14),
(146, '2017-07-07', 2017, 7, 7),
(147, '2018-01-30', 2018, 1, 30),
(148, '2023-09-23', 2023, 9, 23),
(149, '2023-07-12', 2023, 7, 12),
(150, '2020-10-23', 2020, 10, 23),
(151, '2017-09-28', 2017, 9, 28),
(152, '2018-08-26', 2018, 8, 26),
(153, '2017-12-31', 2017, 12, 31),
(154, '2023-11-01', 2023, 11, 1),
(155, '2018-11-20', 2018, 11, 20),
(156, '2016-12-03', 2016, 12, 3),
(157, '2021-06-26', 2021, 6, 26),
(158, '2015-04-28', 2015, 4, 28),
(159, '2019-07-31', 2019, 7, 31),
(160, '2018-04-30', 2018, 4, 30),
(161, '2024-09-17', 2024, 9, 17),
(162, '2015-04-20', 2015, 4, 20),
(163, '2017-03-15', 2017, 3, 15),
(164, '2016-09-15', 2016, 9, 15),
(165, '2017-11-15', 2017, 11, 15),
(166, '2024-05-12', 2024, 5, 12),
(167, '2018-10-21', 2018, 10, 21),
(168, '2023-10-21', 2023, 10, 21),
(169, '2022-08-10', 2022, 8, 10),
(170, '2024-12-07', 2024, 12, 7),
(171, '2020-12-04', 2020, 12, 4),
(172, '2023-04-14', 2023, 4, 14),
(173, '2022-01-26', 2022, 1, 26),
(174, '2015-10-10', 2015, 10, 10),
(175, '2015-10-26', 2015, 10, 26),
(176, '2019-01-27', 2019, 1, 27),
(177, '2021-05-29', 2021, 5, 29),
(178, '2016-01-12', 2016, 1, 12),
(179, '2016-06-04', 2016, 6, 4),
(180, '2021-05-08', 2021, 5, 8),
(181, '2015-02-04', 2015, 2, 4),
(182, '2020-10-24', 2020, 10, 24),
(183, '2024-03-07', 2024, 3, 7),
(184, '2023-01-17', 2023, 1, 17),
(185, '2016-12-20', 2016, 12, 20),
(186, '2014-12-29', 2014, 12, 29),
(187, '2023-08-26', 2023, 8, 26),
(188, '2023-05-10', 2023, 5, 10),
(189, '2021-08-07', 2021, 8, 7),
(190, '2021-11-10', 2021, 11, 10),
(191, '2019-08-22', 2019, 8, 22),
(192, '2018-08-29', 2018, 8, 29),
(193, '2021-02-24', 2021, 2, 24),
(194, '2019-01-18', 2019, 1, 18),
(195, '2022-06-25', 2022, 6, 25),
(196, '2020-08-31', 2020, 8, 31),
(197, '2022-07-12', 2022, 7, 12),
(198, '2021-05-21', 2021, 5, 21),
(199, '2023-04-14', 2023, 4, 14),
(200, '2018-01-01', 2018, 1, 1),
(201, '2019-08-04', 2019, 8, 4),
(202, '2018-10-01', 2018, 10, 1),
(203, '2021-01-12', 2021, 1, 12),
(204, '2022-02-21', 2022, 2, 21),
(205, '2018-12-16', 2018, 12, 16),
(206, '2019-02-09', 2019, 2, 9),
(207, '2017-12-28', 2017, 12, 28),
(208, '2021-02-05', 2021, 2, 5),
(209, '2024-06-29', 2024, 6, 29),
(210, '2022-01-11', 2022, 1, 11),
(211, '2016-07-30', 2016, 7, 30),
(212, '2022-10-27', 2022, 10, 27),
(213, '2021-02-02', 2021, 2, 2),
(214, '2015-12-11', 2015, 12, 11),
(215, '2016-02-01', 2016, 2, 1),
(216, '2019-10-16', 2019, 10, 16),
(217, '2024-06-29', 2024, 6, 29),
(218, '2017-11-05', 2017, 11, 5),
(219, '2016-06-14', 2016, 6, 14),
(220, '2018-05-01', 2018, 5, 1),
(221, '2023-11-23', 2023, 11, 23),
(222, '2017-03-05', 2017, 3, 5),
(223, '2020-08-20', 2020, 8, 20),
(224, '2018-07-30', 2018, 7, 30),
(225, '2023-12-15', 2023, 12, 15),
(226, '2017-04-27', 2017, 4, 27),
(227, '2019-02-06', 2019, 2, 6),
(228, '2019-01-21', 2019, 1, 21),
(229, '2020-08-16', 2020, 8, 16),
(230, '2016-07-11', 2016, 7, 11),
(231, '2015-12-09', 2015, 12, 9),
(232, '2016-03-26', 2016, 3, 26),
(233, '2024-07-17', 2024, 7, 17),
(234, '2022-04-13', 2022, 4, 13),
(235, '2017-02-15', 2017, 2, 15),
(236, '2022-11-17', 2022, 11, 17),
(237, '2019-01-21', 2019, 1, 21),
(238, '2023-01-11', 2023, 1, 11),
(239, '2015-05-09', 2015, 5, 9),
(240, '2018-01-02', 2018, 1, 2),
(241, '2023-11-10', 2023, 11, 10),
(242, '2021-10-19', 2021, 10, 19),
(243, '2020-02-19', 2020, 2, 19),
(244, '2016-02-19', 2016, 2, 19),
(245, '2024-11-22', 2024, 11, 22),
(246, '2019-03-24', 2019, 3, 24),
(247, '2021-12-17', 2021, 12, 17),
(248, '2024-09-21', 2024, 9, 21),
(249, '2018-11-23', 2018, 11, 23),
(250, '2015-09-21', 2015, 9, 21),
(251, '2019-01-10', 2019, 1, 10),
(252, '2015-05-15', 2015, 5, 15),
(253, '2018-03-18', 2018, 3, 18),
(254, '2018-04-20', 2018, 4, 20),
(255, '2020-01-05', 2020, 1, 5),
(256, '2017-08-23', 2017, 8, 23),
(257, '2022-08-23', 2022, 8, 23),
(258, '2021-01-24', 2021, 1, 24),
(259, '2022-10-09', 2022, 10, 9),
(260, '2019-03-04', 2019, 3, 4),
(261, '2022-07-29', 2022, 7, 29),
(262, '2015-12-21', 2015, 12, 21),
(263, '2022-12-13', 2022, 12, 13),
(264, '2023-11-19', 2023, 11, 19),
(265, '2018-09-01', 2018, 9, 1),
(266, '2024-05-28', 2024, 5, 28),
(267, '2016-06-23', 2016, 6, 23),
(268, '2020-04-04', 2020, 4, 4),
(269, '2018-12-02', 2018, 12, 2),
(270, '2023-08-20', 2023, 8, 20),
(271, '2024-01-07', 2024, 1, 7),
(272, '2021-06-18', 2021, 6, 18),
(273, '2016-11-20', 2016, 11, 20),
(274, '2018-01-16', 2018, 1, 16),
(275, '2019-03-06', 2019, 3, 6),
(276, '2019-05-15', 2019, 5, 15),
(277, '2022-06-11', 2022, 6, 11),
(278, '2024-10-01', 2024, 10, 1),
(279, '2016-12-31', 2016, 12, 31),
(280, '2015-04-16', 2015, 4, 16),
(281, '2022-05-09', 2022, 5, 9),
(282, '2019-09-12', 2019, 9, 12),
(283, '2017-09-18', 2017, 9, 18),
(284, '2016-11-27', 2016, 11, 27),
(285, '2021-09-28', 2021, 9, 28),
(286, '2015-02-14', 2015, 2, 14),
(287, '2015-10-30', 2015, 10, 30),
(288, '2017-06-14', 2017, 6, 14),
(289, '2020-02-21', 2020, 2, 21),
(290, '2018-10-01', 2018, 10, 1),
(291, '2015-12-12', 2015, 12, 12),
(292, '2022-02-07', 2022, 2, 7),
(293, '2016-06-26', 2016, 6, 26),
(294, '2017-09-05', 2017, 9, 5),
(295, '2020-11-28', 2020, 11, 28),
(296, '2015-02-22', 2015, 2, 22),
(297, '2021-02-09', 2021, 2, 9),
(298, '2020-11-02', 2020, 11, 2),
(299, '2015-07-17', 2015, 7, 17),
(300, '2022-12-23', 2022, 12, 23),
(301, '2021-01-26', 2021, 1, 26),
(302, '2023-10-17', 2023, 10, 17),
(303, '2018-09-02', 2018, 9, 2),
(304, '2019-02-04', 2019, 2, 4),
(305, '2017-10-30', 2017, 10, 30),
(306, '2024-04-20', 2024, 4, 20),
(307, '2022-08-02', 2022, 8, 2),
(308, '2015-09-22', 2015, 9, 22),
(309, '2023-12-30', 2023, 12, 30),
(310, '2017-04-22', 2017, 4, 22),
(311, '2020-07-28', 2020, 7, 28),
(312, '2023-04-17', 2023, 4, 17),
(313, '2015-01-03', 2015, 1, 3),
(314, '2020-05-03', 2020, 5, 3),
(315, '2016-02-28', 2016, 2, 28),
(316, '2022-12-08', 2022, 12, 8),
(317, '2023-06-14', 2023, 6, 14),
(318, '2021-03-16', 2021, 3, 16),
(319, '2024-09-27', 2024, 9, 27),
(320, '2024-04-30', 2024, 4, 30),
(321, '2019-10-26', 2019, 10, 26),
(322, '2018-04-03', 2018, 4, 3),
(323, '2021-03-13', 2021, 3, 13),
(324, '2024-11-14', 2024, 11, 14),
(325, '2023-12-05', 2023, 12, 5),
(326, '2021-12-16', 2021, 12, 16),
(327, '2016-06-24', 2016, 6, 24),
(328, '2021-05-11', 2021, 5, 11),
(329, '2017-12-13', 2017, 12, 13),
(330, '2021-04-13', 2021, 4, 13),
(331, '2015-06-28', 2015, 6, 28),
(332, '2020-04-23', 2020, 4, 23),
(333, '2016-06-13', 2016, 6, 13),
(334, '2020-04-16', 2020, 4, 16),
(335, '2018-10-20', 2018, 10, 20),
(336, '2016-10-10', 2016, 10, 10),
(337, '2015-09-25', 2015, 9, 25),
(338, '2024-09-29', 2024, 9, 29),
(339, '2017-04-25', 2017, 4, 25),
(340, '2024-06-05', 2024, 6, 5),
(341, '2018-03-15', 2018, 3, 15),
(342, '2023-09-16', 2023, 9, 16),
(343, '2019-06-03', 2019, 6, 3),
(344, '2023-03-05', 2023, 3, 5),
(345, '2023-11-25', 2023, 11, 25),
(346, '2017-10-31', 2017, 10, 31),
(347, '2019-12-20', 2019, 12, 20),
(348, '2016-07-29', 2016, 7, 29),
(349, '2015-10-13', 2015, 10, 13),
(350, '2019-06-17', 2019, 6, 17),
(351, '2023-07-23', 2023, 7, 23),
(352, '2019-01-09', 2019, 1, 9),
(353, '2017-11-12', 2017, 11, 12),
(354, '2021-11-27', 2021, 11, 27),
(355, '2016-11-12', 2016, 11, 12),
(356, '2024-03-15', 2024, 3, 15),
(357, '2015-10-10', 2015, 10, 10),
(358, '2018-08-04', 2018, 8, 4),
(359, '2019-12-26', 2019, 12, 26),
(360, '2018-12-30', 2018, 12, 30),
(361, '2022-08-26', 2022, 8, 26),
(362, '2020-03-15', 2020, 3, 15),
(363, '2018-01-22', 2018, 1, 22),
(364, '2023-03-09', 2023, 3, 9),
(365, '2016-02-03', 2016, 2, 3),
(366, '2022-02-12', 2022, 2, 12),
(367, '2024-08-07', 2024, 8, 7),
(368, '2015-09-16', 2015, 9, 16),
(369, '2022-04-09', 2022, 4, 9),
(370, '2020-10-11', 2020, 10, 11),
(371, '2023-12-21', 2023, 12, 21),
(372, '2016-05-24', 2016, 5, 24),
(373, '2015-04-01', 2015, 4, 1),
(374, '2019-06-16', 2019, 6, 16),
(375, '2017-03-15', 2017, 3, 15),
(376, '2018-03-20', 2018, 3, 20),
(377, '2015-08-05', 2015, 8, 5),
(378, '2023-09-28', 2023, 9, 28),
(379, '2021-11-06', 2021, 11, 6),
(380, '2015-04-13', 2015, 4, 13),
(381, '2020-06-08', 2020, 6, 8),
(382, '2018-10-05', 2018, 10, 5),
(383, '2014-12-18', 2014, 12, 18),
(384, '2020-05-16', 2020, 5, 16),
(385, '2017-08-24', 2017, 8, 24),
(386, '2023-11-17', 2023, 11, 17),
(387, '2018-05-30', 2018, 5, 30),
(388, '2017-07-27', 2017, 7, 27),
(389, '2015-03-29', 2015, 3, 29),
(390, '2016-08-24', 2016, 8, 24),
(391, '2019-08-01', 2019, 8, 1),
(392, '2023-03-25', 2023, 3, 25),
(393, '2022-09-07', 2022, 9, 7),
(394, '2024-06-05', 2024, 6, 5),
(395, '2019-05-29', 2019, 5, 29),
(396, '2015-06-05', 2015, 6, 5),
(397, '2020-11-24', 2020, 11, 24),
(398, '2022-01-07', 2022, 1, 7),
(399, '2020-05-04', 2020, 5, 4),
(400, '2018-08-21', 2018, 8, 21),
(401, '2016-12-31', 2016, 12, 31),
(402, '2019-10-25', 2019, 10, 25),
(403, '2023-05-22', 2023, 5, 22),
(404, '2016-09-27', 2016, 9, 27),
(405, '2021-05-25', 2021, 5, 25),
(406, '2024-08-18', 2024, 8, 18),
(407, '2017-07-27', 2017, 7, 27),
(408, '2017-09-24', 2017, 9, 24),
(409, '2015-08-09', 2015, 8, 9),
(410, '2023-05-21', 2023, 5, 21),
(411, '2015-08-14', 2015, 8, 14),
(412, '2016-06-29', 2016, 6, 29),
(413, '2023-10-25', 2023, 10, 25),
(414, '2016-07-22', 2016, 7, 22),
(415, '2015-10-20', 2015, 10, 20),
(416, '2018-02-26', 2018, 2, 26),
(417, '2015-08-04', 2015, 8, 4),
(418, '2024-11-16', 2024, 11, 16),
(419, '2024-10-20', 2024, 10, 20),
(420, '2019-04-13', 2019, 4, 13),
(421, '2015-06-07', 2015, 6, 7),
(422, '2023-03-05', 2023, 3, 5),
(423, '2022-04-11', 2022, 4, 11),
(424, '2019-08-14', 2019, 8, 14),
(425, '2023-04-02', 2023, 4, 2),
(426, '2022-11-22', 2022, 11, 22),
(427, '2015-08-16', 2015, 8, 16),
(428, '2015-09-12', 2015, 9, 12),
(429, '2020-06-13', 2020, 6, 13),
(430, '2019-07-31', 2019, 7, 31),
(431, '2023-01-25', 2023, 1, 25),
(432, '2021-04-07', 2021, 4, 7),
(433, '2017-04-19', 2017, 4, 19),
(434, '2023-01-31', 2023, 1, 31),
(435, '2016-06-23', 2016, 6, 23),
(436, '2018-07-19', 2018, 7, 19),
(437, '2023-12-04', 2023, 12, 4),
(438, '2023-11-06', 2023, 11, 6),
(439, '2015-09-08', 2015, 9, 8),
(440, '2019-06-12', 2019, 6, 12),
(441, '2023-01-05', 2023, 1, 5),
(442, '2024-07-29', 2024, 7, 29),
(443, '2019-01-19', 2019, 1, 19),
(444, '2020-10-03', 2020, 10, 3),
(445, '2021-10-30', 2021, 10, 30),
(446, '2023-08-11', 2023, 8, 11),
(447, '2021-06-07', 2021, 6, 7),
(448, '2021-12-08', 2021, 12, 8),
(449, '2021-10-18', 2021, 10, 18),
(450, '2019-07-31', 2019, 7, 31),
(451, '2018-10-20', 2018, 10, 20),
(452, '2022-05-17', 2022, 5, 17),
(453, '2019-09-21', 2019, 9, 21),
(454, '2019-05-20', 2019, 5, 20),
(455, '2023-12-04', 2023, 12, 4),
(456, '2024-01-15', 2024, 1, 15),
(457, '2016-04-08', 2016, 4, 8),
(458, '2017-07-22', 2017, 7, 22),
(459, '2022-10-15', 2022, 10, 15),
(460, '2015-04-05', 2015, 4, 5),
(461, '2017-02-22', 2017, 2, 22),
(462, '2024-01-30', 2024, 1, 30),
(463, '2022-08-10', 2022, 8, 10),
(464, '2020-01-09', 2020, 1, 9),
(465, '2018-03-14', 2018, 3, 14),
(466, '2024-08-04', 2024, 8, 4),
(467, '2021-12-11', 2021, 12, 11),
(468, '2023-12-02', 2023, 12, 2),
(469, '2016-12-16', 2016, 12, 16),
(470, '2015-06-19', 2015, 6, 19),
(471, '2020-10-22', 2020, 10, 22),
(472, '2021-05-09', 2021, 5, 9),
(473, '2020-07-13', 2020, 7, 13),
(474, '2024-02-03', 2024, 2, 3),
(475, '2018-01-12', 2018, 1, 12),
(476, '2023-08-20', 2023, 8, 20),
(477, '2024-11-14', 2024, 11, 14),
(478, '2024-07-04', 2024, 7, 4),
(479, '2015-01-21', 2015, 1, 21),
(480, '2023-11-10', 2023, 11, 10),
(481, '2016-08-02', 2016, 8, 2),
(482, '2021-09-08', 2021, 9, 8),
(483, '2017-02-26', 2017, 2, 26),
(484, '2017-11-05', 2017, 11, 5),
(485, '2021-05-21', 2021, 5, 21),
(486, '2020-05-27', 2020, 5, 27),
(487, '2020-06-21', 2020, 6, 21),
(488, '2024-08-30', 2024, 8, 30),
(489, '2016-11-07', 2016, 11, 7),
(490, '2019-05-17', 2019, 5, 17),
(491, '2024-02-17', 2024, 2, 17),
(492, '2017-02-10', 2017, 2, 10),
(493, '2024-05-12', 2024, 5, 12),
(494, '2018-12-04', 2018, 12, 4),
(495, '2021-10-30', 2021, 10, 30),
(496, '2020-10-16', 2020, 10, 16),
(497, '2023-03-14', 2023, 3, 14),
(498, '2021-01-12', 2021, 1, 12),
(499, '2019-09-23', 2019, 9, 23),
(500, '2021-10-30', 2021, 10, 30),
(501, '2020-07-28', 2020, 7, 28),
(502, '2018-10-21', 2018, 10, 21),
(503, '2016-05-28', 2016, 5, 28),
(504, '2022-07-09', 2022, 7, 9),
(505, '2020-03-20', 2020, 3, 20),
(506, '2024-01-09', 2024, 1, 9),
(507, '2018-10-30', 2018, 10, 30),
(508, '2021-10-11', 2021, 10, 11),
(509, '2021-08-29', 2021, 8, 29),
(510, '2019-12-13', 2019, 12, 13),
(511, '2023-01-06', 2023, 1, 6),
(512, '2023-12-06', 2023, 12, 6),
(513, '2015-10-13', 2015, 10, 13),
(514, '2015-03-10', 2015, 3, 10),
(515, '2023-05-24', 2023, 5, 24),
(516, '2018-07-03', 2018, 7, 3),
(517, '2020-11-28', 2020, 11, 28),
(518, '2019-05-06', 2019, 5, 6),
(519, '2015-11-12', 2015, 11, 12),
(520, '2016-05-02', 2016, 5, 2),
(521, '2024-01-08', 2024, 1, 8),
(522, '2020-09-04', 2020, 9, 4),
(523, '2021-06-08', 2021, 6, 8),
(524, '2019-02-06', 2019, 2, 6),
(525, '2022-08-26', 2022, 8, 26),
(526, '2018-02-18', 2018, 2, 18),
(527, '2022-12-11', 2022, 12, 11),
(528, '2016-11-20', 2016, 11, 20),
(529, '2019-08-06', 2019, 8, 6),
(530, '2016-05-10', 2016, 5, 10),
(531, '2015-12-08', 2015, 12, 8),
(532, '2019-03-25', 2019, 3, 25),
(533, '2016-10-23', 2016, 10, 23),
(534, '2016-10-22', 2016, 10, 22),
(535, '2022-01-07', 2022, 1, 7),
(536, '2018-02-28', 2018, 2, 28),
(537, '2016-09-25', 2016, 9, 25),
(538, '2021-08-02', 2021, 8, 2),
(539, '2019-04-02', 2019, 4, 2),
(540, '2021-09-01', 2021, 9, 1),
(541, '2016-09-05', 2016, 9, 5),
(542, '2018-11-17', 2018, 11, 17),
(543, '2015-06-10', 2015, 6, 10),
(544, '2018-10-11', 2018, 10, 11),
(545, '2020-05-23', 2020, 5, 23),
(546, '2018-10-30', 2018, 10, 30),
(547, '2020-10-21', 2020, 10, 21),
(548, '2018-01-11', 2018, 1, 11),
(549, '2018-12-09', 2018, 12, 9),
(550, '2020-01-30', 2020, 1, 30),
(551, '2020-07-04', 2020, 7, 4),
(552, '2019-05-30', 2019, 5, 30),
(553, '2024-09-05', 2024, 9, 5),
(554, '2023-10-05', 2023, 10, 5),
(555, '2019-11-20', 2019, 11, 20),
(556, '2018-01-22', 2018, 1, 22),
(557, '2018-10-05', 2018, 10, 5),
(558, '2020-10-24', 2020, 10, 24),
(559, '2022-03-22', 2022, 3, 22),
(560, '2024-01-06', 2024, 1, 6),
(561, '2017-11-13', 2017, 11, 13),
(562, '2021-08-08', 2021, 8, 8),
(563, '2018-10-18', 2018, 10, 18),
(564, '2018-09-12', 2018, 9, 12),
(565, '2022-10-19', 2022, 10, 19),
(566, '2021-05-08', 2021, 5, 8),
(567, '2015-11-17', 2015, 11, 17),
(568, '2019-03-06', 2019, 3, 6),
(569, '2016-12-22', 2016, 12, 22),
(570, '2017-03-08', 2017, 3, 8),
(571, '2023-02-26', 2023, 2, 26),
(572, '2024-02-06', 2024, 2, 6),
(573, '2018-11-18', 2018, 11, 18),
(574, '2021-09-22', 2021, 9, 22),
(575, '2023-12-15', 2023, 12, 15),
(576, '2022-03-15', 2022, 3, 15),
(577, '2015-03-25', 2015, 3, 25),
(578, '2015-11-03', 2015, 11, 3),
(579, '2018-09-26', 2018, 9, 26),
(580, '2021-05-05', 2021, 5, 5),
(581, '2024-03-07', 2024, 3, 7),
(582, '2016-02-13', 2016, 2, 13),
(583, '2018-11-01', 2018, 11, 1),
(584, '2015-04-11', 2015, 4, 11),
(585, '2020-01-21', 2020, 1, 21),
(586, '2016-09-19', 2016, 9, 19),
(587, '2021-08-05', 2021, 8, 5),
(588, '2022-12-05', 2022, 12, 5),
(589, '2020-11-05', 2020, 11, 5),
(590, '2020-09-06', 2020, 9, 6),
(591, '2021-01-19', 2021, 1, 19),
(592, '2019-04-30', 2019, 4, 30),
(593, '2020-12-27', 2020, 12, 27),
(594, '2018-12-18', 2018, 12, 18),
(595, '2019-04-05', 2019, 4, 5),
(596, '2015-05-23', 2015, 5, 23),
(597, '2020-04-10', 2020, 4, 10),
(598, '2019-08-01', 2019, 8, 1),
(599, '2016-02-15', 2016, 2, 15),
(600, '2024-04-04', 2024, 4, 4),
(601, '2021-05-07', 2021, 5, 7),
(602, '2020-11-22', 2020, 11, 22),
(603, '2021-03-24', 2021, 3, 24),
(604, '2022-01-04', 2022, 1, 4),
(605, '2023-08-31', 2023, 8, 31),
(606, '2016-07-13', 2016, 7, 13),
(607, '2015-09-14', 2015, 9, 14),
(608, '2018-03-24', 2018, 3, 24),
(609, '2021-08-25', 2021, 8, 25),
(610, '2018-01-19', 2018, 1, 19),
(611, '2020-05-01', 2020, 5, 1),
(612, '2016-10-06', 2016, 10, 6),
(613, '2019-05-05', 2019, 5, 5),
(614, '2018-06-21', 2018, 6, 21),
(615, '2017-07-09', 2017, 7, 9),
(616, '2019-10-20', 2019, 10, 20),
(617, '2018-11-24', 2018, 11, 24),
(618, '2019-12-05', 2019, 12, 5),
(619, '2017-10-21', 2017, 10, 21),
(620, '2023-09-29', 2023, 9, 29),
(621, '2023-01-20', 2023, 1, 20),
(622, '2022-06-23', 2022, 6, 23),
(623, '2020-06-09', 2020, 6, 9),
(624, '2023-05-21', 2023, 5, 21),
(625, '2017-01-17', 2017, 1, 17),
(626, '2020-03-04', 2020, 3, 4),
(627, '2017-12-22', 2017, 12, 22),
(628, '2024-08-01', 2024, 8, 1),
(629, '2019-11-05', 2019, 11, 5),
(630, '2016-11-09', 2016, 11, 9),
(631, '2018-07-26', 2018, 7, 26),
(632, '2019-02-01', 2019, 2, 1),
(633, '2017-11-23', 2017, 11, 23),
(634, '2022-04-10', 2022, 4, 10),
(635, '2017-02-10', 2017, 2, 10),
(636, '2021-08-18', 2021, 8, 18),
(637, '2023-02-10', 2023, 2, 10),
(638, '2019-10-21', 2019, 10, 21),
(639, '2016-03-18', 2016, 3, 18),
(640, '2021-11-27', 2021, 11, 27),
(641, '2021-12-03', 2021, 12, 3),
(642, '2018-07-05', 2018, 7, 5),
(643, '2019-02-03', 2019, 2, 3),
(644, '2017-10-16', 2017, 10, 16),
(645, '2021-02-10', 2021, 2, 10),
(646, '2019-04-23', 2019, 4, 23),
(647, '2020-09-06', 2020, 9, 6),
(648, '2016-11-19', 2016, 11, 19),
(649, '2015-04-28', 2015, 4, 28),
(650, '2019-10-24', 2019, 10, 24),
(651, '2022-01-26', 2022, 1, 26),
(652, '2016-04-06', 2016, 4, 6),
(653, '2023-09-21', 2023, 9, 21),
(654, '2018-04-18', 2018, 4, 18),
(655, '2022-12-23', 2022, 12, 23),
(656, '2020-12-21', 2020, 12, 21),
(657, '2017-05-01', 2017, 5, 1),
(658, '2020-08-11', 2020, 8, 11),
(659, '2021-06-24', 2021, 6, 24),
(660, '2017-03-30', 2017, 3, 30),
(661, '2022-12-11', 2022, 12, 11),
(662, '2023-02-10', 2023, 2, 10),
(663, '2020-06-10', 2020, 6, 10),
(664, '2024-02-20', 2024, 2, 20),
(665, '2017-08-28', 2017, 8, 28),
(666, '2015-11-05', 2015, 11, 5),
(667, '2020-01-02', 2020, 1, 2),
(668, '2020-04-09', 2020, 4, 9),
(669, '2015-07-05', 2015, 7, 5),
(670, '2017-05-04', 2017, 5, 4),
(671, '2020-05-03', 2020, 5, 3),
(672, '2022-11-05', 2022, 11, 5),
(673, '2018-10-13', 2018, 10, 13),
(674, '2021-10-22', 2021, 10, 22),
(675, '2020-08-27', 2020, 8, 27),
(676, '2016-09-16', 2016, 9, 16),
(677, '2015-04-25', 2015, 4, 25),
(678, '2023-12-09', 2023, 12, 9),
(679, '2024-10-08', 2024, 10, 8),
(680, '2022-10-25', 2022, 10, 25),
(681, '2022-07-26', 2022, 7, 26),
(682, '2020-03-10', 2020, 3, 10),
(683, '2023-03-29', 2023, 3, 29),
(684, '2015-04-20', 2015, 4, 20),
(685, '2016-10-16', 2016, 10, 16),
(686, '2016-07-29', 2016, 7, 29),
(687, '2021-10-08', 2021, 10, 8),
(688, '2016-07-05', 2016, 7, 5),
(689, '2017-01-13', 2017, 1, 13),
(690, '2021-09-12', 2021, 9, 12),
(691, '2021-08-23', 2021, 8, 23),
(692, '2024-08-20', 2024, 8, 20),
(693, '2017-08-17', 2017, 8, 17),
(694, '2024-11-08', 2024, 11, 8),
(695, '2019-09-18', 2019, 9, 18),
(696, '2019-10-15', 2019, 10, 15),
(697, '2016-05-13', 2016, 5, 13),
(698, '2020-02-28', 2020, 2, 28),
(699, '2021-03-22', 2021, 3, 22),
(700, '2021-02-28', 2021, 2, 28),
(701, '2016-05-25', 2016, 5, 25),
(702, '2021-07-27', 2021, 7, 27),
(703, '2018-11-18', 2018, 11, 18),
(704, '2017-02-02', 2017, 2, 2),
(705, '2022-09-10', 2022, 9, 10),
(706, '2018-07-09', 2018, 7, 9),
(707, '2020-09-11', 2020, 9, 11),
(708, '2020-07-05', 2020, 7, 5),
(709, '2020-06-03', 2020, 6, 3),
(710, '2016-10-02', 2016, 10, 2),
(711, '2024-04-22', 2024, 4, 22),
(712, '2019-04-04', 2019, 4, 4),
(713, '2015-09-22', 2015, 9, 22),
(714, '2016-03-10', 2016, 3, 10),
(715, '2023-12-15', 2023, 12, 15),
(716, '2014-12-11', 2014, 12, 11),
(717, '2021-04-27', 2021, 4, 27),
(718, '2017-09-04', 2017, 9, 4),
(719, '2017-11-27', 2017, 11, 27),
(720, '2015-07-24', 2015, 7, 24),
(721, '2015-06-17', 2015, 6, 17),
(722, '2024-08-13', 2024, 8, 13),
(723, '2020-09-21', 2020, 9, 21),
(724, '2022-04-13', 2022, 4, 13),
(725, '2019-04-16', 2019, 4, 16),
(726, '2023-12-11', 2023, 12, 11),
(727, '2021-09-29', 2021, 9, 29),
(728, '2015-06-05', 2015, 6, 5),
(729, '2020-07-05', 2020, 7, 5),
(730, '2020-06-03', 2020, 6, 3),
(731, '2016-10-26', 2016, 10, 26),
(732, '2022-03-29', 2022, 3, 29),
(733, '2021-09-13', 2021, 9, 13),
(734, '2018-09-30', 2018, 9, 30),
(735, '2024-04-20', 2024, 4, 20),
(736, '2020-12-07', 2020, 12, 7),
(737, '2021-03-26', 2021, 3, 26),
(738, '2021-09-07', 2021, 9, 7),
(739, '2021-01-28', 2021, 1, 28),
(740, '2016-10-12', 2016, 10, 12),
(741, '2020-10-18', 2020, 10, 18),
(742, '2023-09-17', 2023, 9, 17),
(743, '2017-07-27', 2017, 7, 27),
(744, '2016-10-06', 2016, 10, 6),
(745, '2020-12-14', 2020, 12, 14),
(746, '2021-12-26', 2021, 12, 26),
(747, '2020-11-22', 2020, 11, 22),
(748, '2022-09-05', 2022, 9, 5),
(749, '2019-05-22', 2019, 5, 22),
(750, '2021-05-25', 2021, 5, 25),
(751, '2021-01-27', 2021, 1, 27),
(752, '2020-12-27', 2020, 12, 27),
(753, '2022-10-16', 2022, 10, 16),
(754, '2023-06-11', 2023, 6, 11),
(755, '2017-08-14', 2017, 8, 14),
(756, '2016-04-14', 2016, 4, 14),
(757, '2015-05-31', 2015, 5, 31),
(758, '2017-07-07', 2017, 7, 7),
(759, '2020-04-25', 2020, 4, 25),
(760, '2021-08-22', 2021, 8, 22),
(761, '2018-11-16', 2018, 11, 16),
(762, '2022-04-15', 2022, 4, 15),
(763, '2021-05-05', 2021, 5, 5),
(764, '2019-07-13', 2019, 7, 13),
(765, '2023-02-13', 2023, 2, 13),
(766, '2021-06-01', 2021, 6, 1),
(767, '2016-06-05', 2016, 6, 5),
(768, '2024-10-10', 2024, 10, 10),
(769, '2020-10-12', 2020, 10, 12),
(770, '2017-08-29', 2017, 8, 29),
(771, '2022-08-27', 2022, 8, 27),
(772, '2019-03-12', 2019, 3, 12),
(773, '2016-11-08', 2016, 11, 8),
(774, '2020-12-12', 2020, 12, 12),
(775, '2020-09-02', 2020, 9, 2),
(776, '2018-03-22', 2018, 3, 22),
(777, '2016-04-11', 2016, 4, 11),
(778, '2021-08-08', 2021, 8, 8),
(779, '2022-07-02', 2022, 7, 2),
(780, '2017-05-15', 2017, 5, 15),
(781, '2019-05-29', 2019, 5, 29),
(782, '2019-02-03', 2019, 2, 3),
(783, '2018-06-16', 2018, 6, 16),
(784, '2022-11-27', 2022, 11, 27),
(785, '2022-12-16', 2022, 12, 16),
(786, '2016-06-01', 2016, 6, 1),
(787, '2021-09-22', 2021, 9, 22),
(788, '2020-12-04', 2020, 12, 4),
(789, '2016-03-09', 2016, 3, 9),
(790, '2021-04-17', 2021, 4, 17),
(791, '2016-07-16', 2016, 7, 16),
(792, '2024-10-05', 2024, 10, 5),
(793, '2018-12-21', 2018, 12, 21),
(794, '2016-08-17', 2016, 8, 17),
(795, '2015-09-27', 2015, 9, 27),
(796, '2016-09-04', 2016, 9, 4),
(797, '2017-10-09', 2017, 10, 9),
(798, '2016-02-09', 2016, 2, 9),
(799, '2019-05-27', 2019, 5, 27),
(800, '2023-02-24', 2023, 2, 24),
(801, '2024-01-08', 2024, 1, 8),
(802, '2024-03-20', 2024, 3, 20),
(803, '2020-06-01', 2020, 6, 1),
(804, '2016-02-25', 2016, 2, 25),
(805, '2023-12-17', 2023, 12, 17),
(806, '2021-12-17', 2021, 12, 17),
(807, '2023-09-16', 2023, 9, 16),
(808, '2018-06-11', 2018, 6, 11),
(809, '2023-07-12', 2023, 7, 12),
(810, '2018-10-20', 2018, 10, 20),
(811, '2020-11-27', 2020, 11, 27),
(812, '2017-02-23', 2017, 2, 23),
(813, '2018-09-06', 2018, 9, 6),
(814, '2021-11-30', 2021, 11, 30),
(815, '2023-06-04', 2023, 6, 4),
(816, '2023-03-28', 2023, 3, 28),
(817, '2015-10-09', 2015, 10, 9),
(818, '2022-11-30', 2022, 11, 30),
(819, '2024-09-19', 2024, 9, 19),
(820, '2018-10-21', 2018, 10, 21),
(821, '2017-08-30', 2017, 8, 30),
(822, '2017-09-16', 2017, 9, 16),
(823, '2022-11-01', 2022, 11, 1),
(824, '2020-05-08', 2020, 5, 8),
(825, '2021-03-24', 2021, 3, 24),
(826, '2023-10-16', 2023, 10, 16),
(827, '2023-01-07', 2023, 1, 7),
(828, '2024-02-03', 2024, 2, 3),
(829, '2024-02-17', 2024, 2, 17),
(830, '2021-10-19', 2021, 10, 19),
(831, '2016-06-22', 2016, 6, 22),
(832, '2015-07-03', 2015, 7, 3),
(833, '2016-01-08', 2016, 1, 8),
(834, '2022-11-19', 2022, 11, 19),
(835, '2019-06-08', 2019, 6, 8),
(836, '2018-04-11', 2018, 4, 11),
(837, '2023-04-06', 2023, 4, 6),
(838, '2015-04-07', 2015, 4, 7),
(839, '2024-01-30', 2024, 1, 30),
(840, '2017-11-27', 2017, 11, 27),
(841, '2015-01-09', 2015, 1, 9),
(842, '2021-05-31', 2021, 5, 31),
(843, '2021-03-26', 2021, 3, 26),
(844, '2017-08-29', 2017, 8, 29),
(845, '2021-02-16', 2021, 2, 16),
(846, '2018-12-20', 2018, 12, 20),
(847, '2023-01-14', 2023, 1, 14),
(848, '2021-06-07', 2021, 6, 7),
(849, '2017-08-20', 2017, 8, 20),
(850, '2023-10-15', 2023, 10, 15),
(851, '2017-10-23', 2017, 10, 23),
(852, '2017-07-22', 2017, 7, 22),
(853, '2024-03-21', 2024, 3, 21),
(854, '2021-01-02', 2021, 1, 2),
(855, '2018-08-19', 2018, 8, 19),
(856, '2016-01-04', 2016, 1, 4),
(857, '2023-04-11', 2023, 4, 11),
(858, '2018-08-30', 2018, 8, 30),
(859, '2016-03-21', 2016, 3, 21),
(860, '2015-03-13', 2015, 3, 13),
(861, '2019-12-13', 2019, 12, 13),
(862, '2022-02-10', 2022, 2, 10),
(863, '2021-10-04', 2021, 10, 4),
(864, '2024-08-23', 2024, 8, 23),
(865, '2021-07-26', 2021, 7, 26),
(866, '2021-09-15', 2021, 9, 15),
(867, '2016-06-08', 2016, 6, 8),
(868, '2021-05-25', 2021, 5, 25),
(869, '2019-05-20', 2019, 5, 20),
(870, '2022-09-06', 2022, 9, 6),
(871, '2023-02-03', 2023, 2, 3),
(872, '2022-10-22', 2022, 10, 22),
(873, '2017-05-18', 2017, 5, 18),
(874, '2018-10-15', 2018, 10, 15),
(875, '2022-11-29', 2022, 11, 29),
(876, '2023-11-06', 2023, 11, 6),
(877, '2022-06-05', 2022, 6, 5),
(878, '2018-10-03', 2018, 10, 3),
(879, '2016-10-29', 2016, 10, 29),
(880, '2023-07-14', 2023, 7, 14),
(881, '2015-02-16', 2015, 2, 16),
(882, '2019-12-05', 2019, 12, 5),
(883, '2024-10-02', 2024, 10, 2),
(884, '2016-03-26', 2016, 3, 26),
(885, '2020-06-21', 2020, 6, 21),
(886, '2021-10-13', 2021, 10, 13),
(887, '2017-05-26', 2017, 5, 26),
(888, '2022-05-23', 2022, 5, 23),
(889, '2021-08-04', 2021, 8, 4),
(890, '2020-02-18', 2020, 2, 18),
(891, '2020-04-13', 2020, 4, 13),
(892, '2024-05-03', 2024, 5, 3),
(893, '2019-01-27', 2019, 1, 27),
(894, '2017-07-24', 2017, 7, 24),
(895, '2016-04-02', 2016, 4, 2),
(896, '2016-03-27', 2016, 3, 27),
(897, '2020-06-15', 2020, 6, 15),
(898, '2022-07-15', 2022, 7, 15),
(899, '2023-04-24', 2023, 4, 24),
(900, '2024-01-13', 2024, 1, 13),
(901, '2023-06-08', 2023, 6, 8),
(902, '2018-01-03', 2018, 1, 3),
(903, '2019-10-31', 2019, 10, 31),
(904, '2016-09-07', 2016, 9, 7),
(905, '2023-03-16', 2023, 3, 16),
(906, '2020-05-08', 2020, 5, 8),
(907, '2016-10-08', 2016, 10, 8),
(908, '2024-02-18', 2024, 2, 18),
(909, '2022-12-04', 2022, 12, 4),
(910, '2022-05-28', 2022, 5, 28),
(911, '2021-02-25', 2021, 2, 25),
(912, '2015-01-18', 2015, 1, 18),
(913, '2022-10-10', 2022, 10, 10),
(914, '2016-12-19', 2016, 12, 19),
(915, '2016-09-21', 2016, 9, 21),
(916, '2024-01-09', 2024, 1, 9),
(917, '2016-02-18', 2016, 2, 18),
(918, '2016-10-24', 2016, 10, 24),
(919, '2020-05-14', 2020, 5, 14),
(920, '2015-10-25', 2015, 10, 25),
(921, '2015-12-26', 2015, 12, 26),
(922, '2018-05-30', 2018, 5, 30),
(923, '2018-04-30', 2018, 4, 30),
(924, '2023-09-13', 2023, 9, 13),
(925, '2016-12-05', 2016, 12, 5),
(926, '2023-07-31', 2023, 7, 31),
(927, '2016-01-11', 2016, 1, 11),
(928, '2019-12-11', 2019, 12, 11),
(929, '2016-01-10', 2016, 1, 10),
(930, '2020-04-23', 2020, 4, 23),
(931, '2017-10-24', 2017, 10, 24),
(932, '2017-02-03', 2017, 2, 3),
(933, '2015-12-10', 2015, 12, 10),
(934, '2015-11-11', 2015, 11, 11),
(935, '2024-12-04', 2024, 12, 4),
(936, '2016-02-29', 2016, 2, 29),
(937, '2016-09-22', 2016, 9, 22),
(938, '2023-12-03', 2023, 12, 3),
(939, '2024-07-22', 2024, 7, 22),
(940, '2019-05-22', 2019, 5, 22),
(941, '2020-09-05', 2020, 9, 5),
(942, '2017-02-17', 2017, 2, 17),
(943, '2020-12-15', 2020, 12, 15),
(944, '2017-12-13', 2017, 12, 13),
(945, '2020-05-05', 2020, 5, 5),
(946, '2016-10-11', 2016, 10, 11),
(947, '2016-07-17', 2016, 7, 17),
(948, '2021-01-03', 2021, 1, 3),
(949, '2016-06-20', 2016, 6, 20),
(950, '2015-04-10', 2015, 4, 10),
(951, '2021-06-28', 2021, 6, 28),
(952, '2024-10-14', 2024, 10, 14),
(953, '2022-07-31', 2022, 7, 31),
(954, '2020-08-28', 2020, 8, 28),
(955, '2019-08-19', 2019, 8, 19),
(956, '2018-01-22', 2018, 1, 22),
(957, '2023-10-25', 2023, 10, 25),
(958, '2022-03-20', 2022, 3, 20),
(959, '2023-03-11', 2023, 3, 11),
(960, '2021-11-22', 2021, 11, 22),
(961, '2021-03-14', 2021, 3, 14),
(962, '2024-01-22', 2024, 1, 22),
(963, '2020-09-06', 2020, 9, 6),
(964, '2015-07-04', 2015, 7, 4),
(965, '2019-06-26', 2019, 6, 26),
(966, '2024-08-25', 2024, 8, 25),
(967, '2024-07-05', 2024, 7, 5),
(968, '2020-04-05', 2020, 4, 5),
(969, '2020-08-30', 2020, 8, 30),
(970, '2015-09-07', 2015, 9, 7),
(971, '2016-06-21', 2016, 6, 21),
(972, '2016-04-11', 2016, 4, 11),
(973, '2024-08-26', 2024, 8, 26),
(974, '2018-05-16', 2018, 5, 16),
(975, '2020-09-22', 2020, 9, 22),
(976, '2018-07-03', 2018, 7, 3),
(977, '2020-10-30', 2020, 10, 30),
(978, '2019-05-30', 2019, 5, 30),
(979, '2023-09-04', 2023, 9, 4),
(980, '2021-07-06', 2021, 7, 6),
(981, '2016-08-29', 2016, 8, 29),
(982, '2022-10-14', 2022, 10, 14),
(983, '2021-09-10', 2021, 9, 10),
(984, '2018-08-27', 2018, 8, 27),
(985, '2017-04-21', 2017, 4, 21),
(986, '2015-07-05', 2015, 7, 5),
(987, '2024-06-28', 2024, 6, 28),
(988, '2022-07-02', 2022, 7, 2),
(989, '2022-11-05', 2022, 11, 5),
(990, '2024-09-03', 2024, 9, 3),
(991, '2019-08-17', 2019, 8, 17),
(992, '2022-11-24', 2022, 11, 24),
(993, '2018-09-25', 2018, 9, 25),
(994, '2018-10-27', 2018, 10, 27),
(995, '2024-06-23', 2024, 6, 23),
(996, '2018-07-20', 2018, 7, 20),
(997, '2023-07-05', 2023, 7, 5),
(998, '2022-02-18', 2022, 2, 18),
(999, '2022-07-31', 2022, 7, 31);

-- --------------------------------------------------------

--
-- Table structure for table `dimdepartment`
--

CREATE TABLE `dimdepartment` (
  `DepartmentID` int NOT NULL,
  `DepartmentName` varchar(50) DEFAULT NULL
) ENGINE=InnoDB DEFAULT CHARSET=utf8mb4 COLLATE=utf8mb4_0900_ai_ci;

--
-- Dumping data for table `dimdepartment`
--

INSERT INTO `dimdepartment` (`DepartmentID`, `DepartmentName`) VALUES
(1, 'HR'),
(2, 'Sales'),
(3, 'IT'),
(4, 'HR'),
(5, 'Sales'),
(6, 'HR'),
(7, 'Sales'),
(8, 'IT'),
(9, 'Sales'),
(10, 'HR'),
(11, 'IT'),
(12, 'Sales'),
(13, 'HR'),
(14, 'Sales'),
(15, 'HR'),
(16, 'Sales'),
(17, 'HR'),
(18, 'IT'),
(19, 'HR'),
(20, 'IT'),
(21, 'Sales'),
(22, 'IT'),
(23, 'Sales'),
(24, 'IT'),
(25, 'Sales'),
(26, 'HR'),
(27, 'Sales'),
(28, 'HR'),
(29, 'Sales'),
(30, 'IT'),
(31, 'Sales'),
(32, 'IT'),
(33, 'HR'),
(34, 'IT'),
(35, 'Sales'),
(36, 'HR'),
(37, 'Sales'),
(38, 'HR'),
(39, 'Sales'),
(40, 'HR'),
(41, 'IT'),
(42, 'Sales'),
(43, 'IT'),
(44, 'Sales'),
(45, 'IT'),
(46, 'HR'),
(47, 'IT'),
(48, 'Sales'),
(49, 'HR'),
(50, 'IT'),
(51, 'Sales'),
(52, 'IT'),
(53, 'Sales'),
(54, 'HR'),
(55, 'IT'),
(56, 'HR'),
(57, 'Sales'),
(58, 'IT'),
(59, 'Sales'),
(60, 'IT'),
(61, 'Sales'),
(62, 'HR'),
(63, 'Sales'),
(64, 'HR'),
(65, 'IT'),
(66, 'Sales'),
(67, 'IT'),
(68, 'Sales'),
(69, 'HR'),
(70, 'Sales'),
(71, 'HR'),
(72, 'IT'),
(73, 'Sales'),
(74, 'IT'),
(75, 'HR'),
(76, 'IT'),
(77, 'HR'),
(78, 'Sales'),
(79, 'IT'),
(80, 'HR'),
(81, 'Sales'),
(82, 'HR'),
(83, 'Sales'),
(84, 'IT'),
(85, 'Sales'),
(86, 'IT'),
(87, 'HR'),
(88, 'IT'),
(89, 'HR'),
(90, 'IT'),
(91, 'Sales'),
(92, 'IT'),
(93, 'Sales'),
(94, 'HR'),
(95, 'IT'),
(96, 'HR'),
(97, 'Sales'),
(98, 'IT'),
(99, 'Sales'),
(100, 'IT'),
(101, 'HR'),
(102, 'IT'),
(103, 'Sales'),
(104, 'IT'),
(105, 'Sales'),
(106, 'IT'),
(107, 'HR'),
(108, 'IT'),
(109, 'HR'),
(110, 'IT'),
(111, 'HR'),
(112, 'Sales'),
(113, 'HR'),
(114, 'IT'),
(115, 'Sales'),
(116, 'HR'),
(117, 'Sales'),
(118, 'IT'),
(119, 'Sales'),
(120, 'IT'),
(121, 'HR'),
(122, 'IT'),
(123, 'Sales'),
(124, 'HR'),
(125, 'IT'),
(126, 'HR'),
(127, 'IT'),
(128, 'HR'),
(129, 'IT'),
(130, 'HR'),
(131, 'Sales'),
(132, 'HR'),
(133, 'Sales'),
(134, 'HR'),
(135, 'IT'),
(136, 'HR'),
(137, 'Sales'),
(138, 'IT'),
(139, 'Sales'),
(140, 'HR'),
(141, 'IT'),
(142, 'Sales'),
(143, 'IT'),
(144, 'Sales'),
(145, 'IT'),
(146, 'Sales'),
(147, 'IT'),
(148, 'HR'),
(149, 'Sales'),
(150, 'IT'),
(151, 'HR'),
(152, 'IT'),
(153, 'Sales'),
(154, 'IT'),
(155, 'HR'),
(156, 'Sales'),
(157, 'IT'),
(158, 'Sales'),
(159, 'IT'),
(160, 'Sales'),
(161, 'HR'),
(162, 'Sales'),
(163, 'IT'),
(164, 'HR'),
(165, 'IT'),
(166, 'HR'),
(167, 'IT'),
(168, 'Sales'),
(169, 'IT'),
(170, 'HR'),
(171, 'Sales'),
(172, 'IT'),
(173, 'HR'),
(174, 'IT'),
(175, 'Sales'),
(176, 'HR'),
(177, 'IT'),
(178, 'Sales'),
(179, 'IT'),
(180, 'Sales'),
(181, 'IT'),
(182, 'HR'),
(183, 'Sales'),
(184, 'IT'),
(185, 'Sales'),
(186, 'IT'),
(187, 'HR'),
(188, 'Sales'),
(189, 'IT'),
(190, 'Sales'),
(191, 'IT'),
(192, 'Sales'),
(193, 'HR'),
(194, 'Sales'),
(195, 'IT'),
(196, 'HR'),
(197, 'Sales'),
(198, 'IT'),
(199, 'HR'),
(200, 'IT'),
(201, 'Sales'),
(202, 'HR'),
(203, 'IT'),
(204, 'Sales'),
(205, 'HR'),
(206, 'Sales'),
(207, 'IT'),
(208, 'HR'),
(209, 'Sales'),
(210, 'HR'),
(211, 'Sales'),
(212, 'HR'),
(213, 'Sales'),
(214, 'IT'),
(215, 'Sales'),
(216, 'IT'),
(217, 'Sales'),
(218, 'IT'),
(219, 'HR'),
(220, 'Sales'),
(221, 'HR'),
(222, 'IT'),
(223, 'HR'),
(224, 'IT'),
(225, 'HR'),
(226, 'Sales'),
(227, 'IT'),
(228, 'HR'),
(229, 'IT'),
(230, 'HR'),
(231, 'IT'),
(232, 'HR'),
(233, 'IT'),
(234, 'HR'),
(235, 'IT'),
(236, 'HR'),
(237, 'IT'),
(238, 'Sales'),
(239, 'HR'),
(240, 'IT'),
(241, 'Sales'),
(242, 'IT'),
(243, 'HR'),
(244, 'IT'),
(245, 'Sales'),
(246, 'IT'),
(247, 'HR'),
(248, 'Sales'),
(249, 'HR'),
(250, 'IT'),
(251, 'HR'),
(252, 'IT'),
(253, 'HR'),
(254, 'Sales'),
(255, 'HR'),
(256, 'Sales'),
(257, 'IT'),
(258, 'Sales'),
(259, 'HR'),
(260, 'IT'),
(261, 'Sales'),
(262, 'IT'),
(263, 'HR'),
(264, 'Sales'),
(265, 'HR'),
(266, 'IT'),
(267, 'HR'),
(268, 'IT'),
(269, 'HR'),
(270, 'Sales'),
(271, 'HR'),
(272, 'Sales'),
(273, 'IT'),
(274, 'Sales'),
(275, 'IT'),
(276, 'Sales'),
(277, 'IT'),
(278, 'HR'),
(279, 'IT'),
(280, 'HR'),
(281, 'Sales'),
(282, 'HR'),
(283, 'Sales'),
(284, 'IT'),
(285, 'Sales'),
(286, 'HR'),
(287, 'Sales'),
(288, 'HR'),
(289, 'IT'),
(290, 'HR'),
(291, 'Sales'),
(292, 'HR'),
(293, 'Sales'),
(294, 'IT'),
(295, 'Sales'),
(296, 'HR'),
(297, 'IT'),
(298, 'HR'),
(299, 'IT'),
(300, 'Sales'),
(301, 'IT'),
(302, 'Sales'),
(303, 'IT'),
(304, 'HR'),
(305, 'Sales'),
(306, 'HR'),
(307, 'Sales'),
(308, 'IT'),
(309, 'HR'),
(310, 'IT'),
(311, 'Sales'),
(312, 'IT'),
(313, 'HR'),
(314, 'Sales'),
(315, 'HR'),
(316, 'Sales'),
(317, 'IT'),
(318, 'Sales'),
(319, 'HR'),
(320, 'IT'),
(321, 'Sales'),
(322, 'IT'),
(323, 'Sales'),
(324, 'HR'),
(325, 'Sales'),
(326, 'IT'),
(327, 'Sales'),
(328, 'IT'),
(329, 'Sales'),
(330, 'HR'),
(331, 'IT'),
(332, 'Sales'),
(333, 'HR'),
(334, 'Sales'),
(335, 'IT'),
(336, 'HR'),
(337, 'Sales'),
(338, 'IT'),
(339, 'Sales'),
(340, 'HR'),
(341, 'IT'),
(342, 'HR'),
(343, 'IT'),
(344, 'HR'),
(345, 'IT'),
(346, 'HR'),
(347, 'IT'),
(348, 'Sales'),
(349, 'IT'),
(350, 'HR'),
(351, 'Sales'),
(352, 'HR'),
(353, 'IT'),
(354, 'Sales'),
(355, 'HR'),
(356, 'IT'),
(357, 'Sales'),
(358, 'HR'),
(359, 'IT'),
(360, 'Sales'),
(361, 'HR'),
(362, 'Sales'),
(363, 'HR'),
(364, 'Sales'),
(365, 'IT'),
(366, 'HR'),
(367, 'IT'),
(368, 'HR'),
(369, 'Sales'),
(370, 'HR'),
(371, 'IT'),
(372, 'Sales'),
(373, 'IT'),
(374, 'HR'),
(375, 'Sales'),
(376, 'IT'),
(377, 'Sales'),
(378, 'IT'),
(379, 'HR'),
(380, 'IT'),
(381, 'HR'),
(382, 'Sales'),
(383, 'HR'),
(384, 'IT'),
(385, 'Sales'),
(386, 'HR'),
(387, 'Sales'),
(388, 'IT'),
(389, 'HR'),
(390, 'Sales'),
(391, 'IT'),
(392, 'HR'),
(393, 'Sales'),
(394, 'IT'),
(395, 'HR'),
(396, 'IT'),
(397, 'Sales'),
(398, 'HR'),
(399, 'Sales'),
(400, 'HR'),
(401, 'IT'),
(402, 'HR'),
(403, 'Sales'),
(404, 'HR'),
(405, 'Sales'),
(406, 'HR'),
(407, 'Sales'),
(408, 'IT'),
(409, 'HR'),
(410, 'IT'),
(411, 'Sales'),
(412, 'HR'),
(413, 'Sales'),
(414, 'IT'),
(415, 'HR'),
(416, 'Sales'),
(417, 'HR'),
(418, 'Sales'),
(419, 'IT'),
(420, 'HR'),
(421, 'IT'),
(422, 'Sales'),
(423, 'IT'),
(424, 'Sales'),
(425, 'IT'),
(426, 'HR'),
(427, 'IT'),
(428, 'HR'),
(429, 'Sales'),
(430, 'HR'),
(431, 'Sales'),
(432, 'IT'),
(433, 'Sales'),
(434, 'IT'),
(435, 'HR'),
(436, 'Sales'),
(437, 'IT'),
(438, 'HR'),
(439, 'Sales'),
(440, 'IT'),
(441, 'HR'),
(442, 'IT'),
(443, 'HR'),
(444, 'Sales'),
(445, 'IT'),
(446, 'HR'),
(447, 'IT'),
(448, 'HR'),
(449, 'Sales'),
(450, 'HR'),
(451, 'Sales'),
(452, 'HR'),
(453, 'Sales'),
(454, 'HR'),
(455, 'Sales'),
(456, 'HR'),
(457, 'IT'),
(458, 'Sales'),
(459, 'IT'),
(460, 'Sales'),
(461, 'HR'),
(462, 'IT'),
(463, 'Sales'),
(464, 'HR'),
(465, 'Sales'),
(466, 'IT'),
(467, 'HR'),
(468, 'IT'),
(469, 'HR'),
(470, 'IT'),
(471, 'Sales'),
(472, 'HR'),
(473, 'IT'),
(474, 'HR'),
(475, 'Sales'),
(476, 'IT'),
(477, 'HR'),
(478, 'IT'),
(479, 'Sales'),
(480, 'IT'),
(481, 'HR'),
(482, 'IT'),
(483, 'Sales'),
(484, 'IT'),
(485, 'HR'),
(486, 'IT'),
(487, 'Sales'),
(488, 'IT'),
(489, 'Sales'),
(490, 'HR'),
(491, 'IT'),
(492, 'HR'),
(493, 'IT'),
(494, 'Sales'),
(495, 'IT'),
(496, 'Sales'),
(497, 'HR'),
(498, 'IT'),
(499, 'HR'),
(500, 'IT'),
(501, 'Sales'),
(502, 'HR'),
(503, 'IT'),
(504, 'HR'),
(505, 'Sales'),
(506, 'IT'),
(507, 'HR'),
(508, 'Sales'),
(509, 'IT'),
(510, 'Sales'),
(511, 'IT'),
(512, 'Sales'),
(513, 'HR'),
(514, 'Sales'),
(515, 'IT'),
(516, 'Sales'),
(517, 'HR'),
(518, 'IT'),
(519, 'HR'),
(520, 'Sales'),
(521, 'IT'),
(522, 'Sales'),
(523, 'HR'),
(524, 'IT'),
(525, 'HR'),
(526, 'Sales'),
(527, 'IT'),
(528, 'Sales'),
(529, 'HR'),
(530, 'Sales'),
(531, 'IT'),
(532, 'Sales'),
(533, 'HR'),
(534, 'Sales'),
(535, 'IT'),
(536, 'Sales'),
(537, 'HR'),
(538, 'IT'),
(539, 'HR'),
(540, 'IT'),
(541, 'HR'),
(542, 'Sales'),
(543, 'HR'),
(544, 'Sales'),
(545, 'IT'),
(546, 'Sales'),
(547, 'IT'),
(548, 'HR'),
(549, 'Sales'),
(550, 'IT'),
(551, 'Sales'),
(552, 'HR'),
(553, 'IT'),
(554, 'HR'),
(555, 'Sales'),
(556, 'HR'),
(557, 'IT'),
(558, 'HR'),
(559, 'Sales'),
(560, 'HR'),
(561, 'IT'),
(562, 'HR'),
(563, 'IT'),
(564, 'HR'),
(565, 'Sales'),
(566, 'IT'),
(567, 'HR'),
(568, 'Sales'),
(569, 'HR'),
(570, 'IT'),
(571, 'Sales'),
(572, 'IT'),
(573, 'Sales'),
(574, 'HR'),
(575, 'IT'),
(576, 'HR'),
(577, 'Sales'),
(578, 'HR'),
(579, 'Sales'),
(580, 'IT'),
(581, 'Sales'),
(582, 'HR'),
(583, 'Sales'),
(584, 'HR'),
(585, 'IT'),
(586, 'Sales'),
(587, 'IT'),
(588, 'Sales'),
(589, 'IT'),
(590, 'HR'),
(591, 'Sales'),
(592, 'IT'),
(593, 'HR'),
(594, 'Sales'),
(595, 'HR'),
(596, 'Sales'),
(597, 'HR'),
(598, 'Sales'),
(599, 'HR'),
(600, 'IT'),
(601, 'HR'),
(602, 'Sales'),
(603, 'IT'),
(604, 'HR'),
(605, 'Sales'),
(606, 'IT'),
(607, 'HR'),
(608, 'Sales'),
(609, 'HR'),
(610, 'IT'),
(611, 'Sales'),
(612, 'IT'),
(613, 'Sales'),
(614, 'HR'),
(615, 'Sales'),
(616, 'IT'),
(617, 'HR'),
(618, 'Sales'),
(619, 'IT'),
(620, 'HR'),
(621, 'Sales'),
(622, 'HR'),
(623, 'Sales'),
(624, 'HR'),
(625, 'IT'),
(626, 'Sales'),
(627, 'IT'),
(628, 'HR'),
(629, 'IT'),
(630, 'HR'),
(631, 'IT'),
(632, 'HR'),
(633, 'IT'),
(634, 'HR'),
(635, 'Sales'),
(636, 'HR'),
(637, 'IT'),
(638, 'HR'),
(639, 'Sales'),
(640, 'IT'),
(641, 'Sales'),
(642, 'HR'),
(643, 'Sales'),
(644, 'HR'),
(645, 'IT'),
(646, 'HR'),
(647, 'IT'),
(648, 'HR'),
(649, 'Sales'),
(650, 'IT'),
(651, 'HR'),
(652, 'Sales'),
(653, 'IT'),
(654, 'HR'),
(655, 'Sales'),
(656, 'HR'),
(657, 'Sales'),
(658, 'HR'),
(659, 'IT'),
(660, 'HR'),
(661, 'IT'),
(662, 'Sales'),
(663, 'IT'),
(664, 'Sales'),
(665, 'IT'),
(666, 'Sales'),
(667, 'IT'),
(668, 'HR'),
(669, 'Sales'),
(670, 'HR'),
(671, 'IT'),
(672, 'HR'),
(673, 'IT'),
(674, 'HR'),
(675, 'Sales'),
(676, 'HR'),
(677, 'IT'),
(678, 'Sales'),
(679, 'IT');

-- --------------------------------------------------------

--
-- Table structure for table `dimemployee`
--

CREATE TABLE `dimemployee` (
  `EmployeeID` int NOT NULL,
  `Name` varchar(100) DEFAULT NULL,
  `Age` int DEFAULT NULL,
  `Gender` varchar(10) DEFAULT NULL,
  `Status` varchar(20) DEFAULT NULL
) ENGINE=InnoDB DEFAULT CHARSET=utf8mb4 COLLATE=utf8mb4_0900_ai_ci;

--
-- Dumping data for table `dimemployee`
--

INSERT INTO `dimemployee` (`EmployeeID`, `Name`, `Age`, `Gender`, `Status`) VALUES
(1, 'Cory Escobar', 48, 'Female', 'Active'),
(2, 'Timothy Sanchez', 25, 'Other', 'Inactive'),
(3, 'Chad Nichols', 57, 'Other', 'Inactive'),
(4, 'Christine Williams', 58, 'Female', 'Inactive'),
(5, 'Amber Harris', 35, 'Other', 'Inactive'),
(6, 'Ashley Howe', 29, 'Female', 'Active'),
(7, 'David Olson', 39, 'Female', 'Active'),
(8, 'Amanda Baker', 52, 'Other', 'Inactive'),
(9, 'Jeremy Wright', 63, 'Female', 'Inactive'),
(10, 'Brian Faulkner', 30, 'Male', 'Active'),
(11, 'Nicole Bell', 42, 'Female', 'Active'),
(12, 'Rodney Richardson', 60, 'Other', 'Active'),
(13, 'Joshua Robinson', 61, 'Male', 'Inactive'),
(14, 'Benjamin Callahan', 34, 'Male', 'Inactive'),
(15, 'Matthew Collins MD', 31, 'Female', 'Inactive'),
(16, 'Gary Cooley', 62, 'Male', 'Inactive'),
(17, 'Jonathan Perez', 59, 'Male', 'Inactive'),
(18, 'Jacqueline Randall', 31, 'Female', 'Active'),
(19, 'Nancy Stephens', 38, 'Male', 'Inactive'),
(20, 'Victoria Fox', 57, 'Female', 'Active'),
(21, 'Heather Jones', 35, 'Male', 'Active'),
(22, 'Stacie Porter', 61, 'Female', 'Inactive'),
(23, 'Bryce Carter', 35, 'Female', 'Inactive'),
(24, 'Marissa Stewart', 31, 'Female', 'Active'),
(25, 'Tracy Carlson', 21, 'Male', 'Active'),
(26, 'Tara Blackwell', 30, 'Other', 'Active'),
(27, 'Austin Long', 20, 'Female', 'Inactive'),
(28, 'Jordan Warren', 55, 'Female', 'Inactive'),
(29, 'Vickie Campbell', 65, 'Female', 'Inactive'),
(30, 'Rachel Ramsey', 22, 'Male', 'Inactive'),
(31, 'Brandi Smith', 21, 'Other', 'Inactive'),
(32, 'Jacqueline Becker', 63, 'Other', 'Inactive'),
(33, 'Trevor Duncan', 65, 'Other', 'Active'),
(34, 'Mr. Brian Nelson', 42, 'Female', 'Active'),
(35, 'Lisa Fry', 51, 'Female', 'Inactive'),
(36, 'Kevin Watts', 35, 'Male', 'Inactive'),
(37, 'Jacqueline Moore', 39, 'Male', 'Active'),
(38, 'Lawrence Rose', 18, 'Female', 'Inactive'),
(39, 'Jordan Scott', 33, 'Other', 'Active'),
(40, 'Lisa Wagner', 36, 'Male', 'Active'),
(41, 'Ricky Keith', 20, 'Female', 'Inactive'),
(42, 'Charles Mccall', 58, 'Other', 'Inactive'),
(43, 'April Ponce', 27, 'Female', 'Inactive'),
(44, 'Cindy Nichols', 64, 'Female', 'Active'),
(45, 'Daniel Aguirre', 20, 'Other', 'Active'),
(46, 'Dr. Monica Hanna PhD', 27, 'Other', 'Inactive'),
(47, 'Alicia Scott', 47, 'Female', 'Inactive'),
(48, 'Jake Johnson', 48, 'Other', 'Active'),
(49, 'Jamie Wood', 46, 'Male', 'Active'),
(50, 'Valerie Guerrero', 23, 'Male', 'Active'),
(51, 'Jamie Gregory', 27, 'Other', 'Active'),
(52, 'Jesse Vincent', 62, 'Male', 'Inactive'),
(53, 'Steve Salinas', 42, 'Other', 'Inactive'),
(54, 'Taylor Griffin', 62, 'Other', 'Active'),
(55, 'Kim Smith', 63, 'Other', 'Active'),
(56, 'Jonathon Adams', 40, 'Female', 'Inactive'),
(57, 'Jeremy Conway', 38, 'Other', 'Active'),
(58, 'Johnathan Obrien', 58, 'Female', 'Active'),
(59, 'Erik Moss', 57, 'Male', 'Active'),
(60, 'Melinda Tyler', 19, 'Other', 'Inactive'),
(61, 'Andrew Shannon', 51, 'Other', 'Active'),
(62, 'Carmen Taylor', 33, 'Male', 'Active'),
(63, 'Joseph Anderson', 57, 'Female', 'Active'),
(64, 'Katherine Clark', 39, 'Female', 'Active'),
(65, 'Mary Miller', 20, 'Other', 'Active'),
(66, 'Sarah Harrell', 44, 'Male', 'Inactive'),
(67, 'Kelli Lopez', 25, 'Female', 'Active'),
(68, 'Denise Smith', 27, 'Male', 'Active'),
(69, 'Alyssa Taylor', 29, 'Male', 'Active'),
(70, 'Erica James', 64, 'Female', 'Inactive'),
(71, 'Daniel Hamilton', 40, 'Male', 'Active'),
(72, 'Tiffany Alexander', 45, 'Female', 'Active'),
(73, 'Jennifer Carter', 52, 'Male', 'Active'),
(74, 'Amanda Rodgers', 60, 'Male', 'Inactive'),
(75, 'Francisco Jones', 18, 'Female', 'Inactive'),
(76, 'Cameron Butler', 31, 'Female', 'Inactive'),
(77, 'Victor Nelson', 47, 'Female', 'Active'),
(78, 'Kathy Thompson', 19, 'Other', 'Inactive'),
(79, 'Michele Schmidt', 56, 'Male', 'Inactive'),
(80, 'Mary Singh', 39, 'Other', 'Inactive'),
(81, 'Julia Stanley', 28, 'Female', 'Inactive'),
(82, 'Kevin Price', 62, 'Male', 'Active'),
(83, 'Jamie Wright', 49, 'Other', 'Active'),
(84, 'Elaine Payne', 18, 'Female', 'Active'),
(85, 'Justin Rodriguez', 39, 'Other', 'Active'),
(86, 'Chase Taylor', 29, 'Other', 'Active'),
(87, 'Dustin Allen', 34, 'Male', 'Inactive'),
(88, 'Lori Bowen', 28, 'Female', 'Active'),
(89, 'Jessica Sanders', 41, 'Male', 'Inactive'),
(90, 'Lauren Lee', 60, 'Female', 'Inactive'),
(91, 'Kyle Schwartz', 31, 'Male', 'Active'),
(92, 'Bruce Campbell', 58, 'Other', 'Active'),
(93, 'Peter Moore', 38, 'Other', 'Inactive'),
(94, 'Elizabeth Gallagher', 21, 'Female', 'Active'),
(95, 'Michael Garcia', 62, 'Male', 'Active'),
(96, 'Jeff Wilson', 45, 'Other', 'Active'),
(97, 'Holly Gaines', 22, 'Male', 'Inactive'),
(98, 'Matthew Fields', 33, 'Female', 'Inactive'),
(99, 'Kathleen Thomas', 20, 'Other', 'Inactive'),
(100, 'Thomas Hamilton', 33, 'Male', 'Inactive'),
(101, 'Bryan Navarro', 26, 'Female', 'Active'),
(102, 'Jennifer Hansen', 27, 'Other', 'Inactive'),
(103, 'James Saunders', 34, 'Other', 'Active'),
(104, 'Jose Henson', 32, 'Male', 'Active'),
(105, 'Isaiah Sanders DDS', 31, 'Female', 'Active'),
(106, 'Katelyn Chavez', 25, 'Other', 'Inactive'),
(107, 'Nancy Robinson', 21, 'Other', 'Active'),
(108, 'Sandra Allen', 24, 'Male', 'Active'),
(109, 'Mrs. Robin Mccarthy PhD', 51, 'Male', 'Active'),
(110, 'Catherine Ray', 58, 'Female', 'Active'),
(111, 'James Johnson', 65, 'Female', 'Inactive'),
(112, 'Sarah Barrera', 31, 'Female', 'Inactive'),
(113, 'Luke Mcpherson', 34, 'Other', 'Active'),
(114, 'Michael Moore', 65, 'Other', 'Active'),
(115, 'Donna Manning', 40, 'Other', 'Inactive'),
(116, 'John Lloyd', 19, 'Male', 'Inactive'),
(117, 'Sean Owens', 45, 'Male', 'Inactive'),
(118, 'Gregory Robinson', 32, 'Other', 'Inactive'),
(119, 'Tara Hudson', 48, 'Female', 'Inactive'),
(120, 'Heidi Franklin', 22, 'Male', 'Active'),
(121, 'David Hampton', 39, 'Female', 'Inactive'),
(122, 'Jacob Gonzalez', 25, 'Male', 'Active'),
(123, 'Kenneth Jensen', 46, 'Other', 'Inactive'),
(124, 'Amber Pittman', 24, 'Female', 'Active'),
(125, 'William Hall', 23, 'Male', 'Active'),
(126, 'Michael Wilson', 38, 'Other', 'Active'),
(127, 'Vanessa Gray', 65, 'Other', 'Active'),
(128, 'Ashley Williams', 65, 'Female', 'Inactive'),
(129, 'Shawn Marshall', 28, 'Other', 'Active'),
(130, 'Derrick Woods', 64, 'Female', 'Inactive'),
(131, 'Lisa Levy', 64, 'Other', 'Active'),
(132, 'Amy Patel', 38, 'Other', 'Inactive'),
(133, 'Gregory Villegas', 64, 'Female', 'Inactive'),
(134, 'Arthur Tyler', 30, 'Other', 'Inactive'),
(135, 'Jonathan Schneider', 33, 'Male', 'Inactive'),
(136, 'Donna Fox', 49, 'Male', 'Inactive'),
(137, 'Rebecca Pitts', 56, 'Female', 'Inactive'),
(138, 'Annette Peterson', 34, 'Female', 'Active'),
(139, 'Mr. James Moore', 46, 'Other', 'Inactive'),
(140, 'William Hernandez', 27, 'Other', 'Inactive'),
(141, 'Kevin Ruiz', 18, 'Male', 'Inactive'),
(142, 'Matthew Gutierrez', 38, 'Other', 'Inactive'),
(143, 'Kelly Phillips', 42, 'Female', 'Inactive'),
(144, 'Dana Potter', 46, 'Male', 'Inactive'),
(145, 'Kimberly Murphy', 25, 'Other', 'Active'),
(146, 'Jessica Hernandez', 20, 'Male', 'Inactive'),
(147, 'Rachel Allen', 22, 'Other', 'Active'),
(148, 'Mr. Brandon Gonzales', 37, 'Female', 'Inactive'),
(149, 'Matthew Perkins', 57, 'Other', 'Inactive'),
(150, 'Robert Adkins', 28, 'Female', 'Inactive'),
(151, 'Anthony Moran', 54, 'Female', 'Inactive'),
(152, 'Julie Wilson', 58, 'Male', 'Active'),
(153, 'Mark Morris', 31, 'Male', 'Inactive'),
(154, 'Charles Marsh', 29, 'Male', 'Inactive'),
(155, 'Larry Johnson', 63, 'Other', 'Inactive'),
(156, 'Raymond Johnson', 56, 'Female', 'Inactive'),
(157, 'Pamela Pierce', 43, 'Female', 'Active'),
(158, 'Debra Smith', 19, 'Other', 'Active'),
(159, 'Erin Harrison', 34, 'Male', 'Inactive'),
(160, 'Thomas Gordon', 26, 'Male', 'Active'),
(161, 'Cindy Torres', 31, 'Male', 'Inactive'),
(162, 'Mario Newman', 36, 'Other', 'Inactive'),
(163, 'Emily Hughes', 32, 'Male', 'Active'),
(164, 'Emily Fisher', 25, 'Male', 'Inactive'),
(165, 'Sheryl Everett DDS', 57, 'Male', 'Inactive'),
(166, 'Caleb Coffey', 49, 'Other', 'Inactive'),
(167, 'Brianna Murray', 28, 'Other', 'Inactive'),
(168, 'Amy Bell', 56, 'Male', 'Active'),
(169, 'Tonya Estrada', 22, 'Other', 'Inactive'),
(170, 'George Bowers', 24, 'Other', 'Active'),
(171, 'Tyler Figueroa', 48, 'Female', 'Active'),
(172, 'Roger Pugh', 64, 'Other', 'Inactive'),
(173, 'Paul Ross', 19, 'Other', 'Active'),
(174, 'Steven Green', 21, 'Other', 'Inactive'),
(175, 'Amanda Walters', 46, 'Other', 'Active'),
(176, 'Cody Sanchez', 32, 'Female', 'Active'),
(177, 'Sherri Hess', 37, 'Female', 'Inactive'),
(178, 'David Buchanan', 52, 'Male', 'Active'),
(179, 'Daniel Hoffman', 36, 'Male', 'Inactive'),
(180, 'Kathryn Choi', 34, 'Other', 'Active'),
(181, 'Sharon Patterson', 33, 'Male', 'Active'),
(182, 'Brooke Norris', 58, 'Male', 'Inactive'),
(183, 'Linda Wilson', 45, 'Male', 'Active'),
(184, 'Nathaniel Miller', 22, 'Male', 'Active'),
(185, 'Michael Edwards', 19, 'Other', 'Inactive'),
(186, 'Jane Gardner', 51, 'Other', 'Inactive'),
(187, 'Anthony Lucas', 48, 'Female', 'Active'),
(188, 'Robert Colon', 39, 'Other', 'Active'),
(189, 'Patrick Williams', 50, 'Other', 'Active'),
(190, 'Tiffany Hopkins', 21, 'Female', 'Active'),
(191, 'Miguel Finley', 25, 'Female', 'Active'),
(192, 'John Sullivan', 29, 'Other', 'Inactive'),
(193, 'Albert Stevens', 29, 'Other', 'Active'),
(194, 'Dean Barnes', 54, 'Other', 'Active'),
(195, 'Eric York', 34, 'Male', 'Active'),
(196, 'Breanna Ballard', 20, 'Other', 'Inactive'),
(197, 'Joshua Booker', 22, 'Male', 'Active'),
(198, 'Mary King', 23, 'Female', 'Active'),
(199, 'Jennifer Brown DVM', 51, 'Male', 'Inactive'),
(200, 'Gregory Cohen', 23, 'Other', 'Inactive'),
(201, 'Mr. James Johnson', 48, 'Female', 'Active'),
(202, 'Elizabeth Jordan', 23, 'Other', 'Inactive'),
(203, 'Robert Carey', 59, 'Female', 'Inactive'),
(204, 'Randy Pace', 28, 'Male', 'Active'),
(205, 'Brian Herrera', 29, 'Other', 'Active'),
(206, 'Julie Hayden', 55, 'Female', 'Active'),
(207, 'Mario Jackson', 43, 'Male', 'Active'),
(208, 'Dawn Flowers', 24, 'Female', 'Active'),
(209, 'Darrell Burns', 58, 'Other', 'Active'),
(210, 'Mr. Jason Jones', 44, 'Female', 'Inactive'),
(211, 'Joseph Li', 42, 'Male', 'Inactive'),
(212, 'Christopher Barrera', 62, 'Other', 'Inactive'),
(213, 'Tyler Carroll', 54, 'Female', 'Inactive'),
(214, 'Rachel Mcdonald', 32, 'Female', 'Inactive'),
(215, 'Dawn Nelson', 65, 'Female', 'Active'),
(216, 'Sara Jones', 50, 'Female', 'Active'),
(217, 'Alison Anderson', 35, 'Female', 'Inactive'),
(218, 'Jeffery Hurley', 25, 'Male', 'Active'),
(219, 'Melissa Flores', 38, 'Other', 'Inactive'),
(220, 'Erika Schneider', 20, 'Other', 'Active'),
(221, 'Steven Salinas', 48, 'Female', 'Inactive'),
(222, 'Kenneth Taylor', 20, 'Other', 'Inactive'),
(223, 'Jennifer Hartman', 62, 'Female', 'Active'),
(224, 'Cheryl Potter', 59, 'Male', 'Inactive'),
(225, 'Lori Rodriguez', 27, 'Other', 'Active'),
(226, 'Brian White', 51, 'Other', 'Inactive'),
(227, 'Ashley Robbins', 49, 'Other', 'Inactive'),
(228, 'Mary Mcguire', 45, 'Other', 'Active'),
(229, 'Christie Warren', 51, 'Female', 'Active'),
(230, 'Monica Henderson', 39, 'Male', 'Active'),
(231, 'Connie Lucas', 41, 'Other', 'Inactive'),
(232, 'William Harris', 26, 'Female', 'Active'),
(233, 'Michelle Mendez', 50, 'Male', 'Active'),
(234, 'Richard Mendez', 40, 'Male', 'Inactive'),
(235, 'Stuart Rodriguez', 33, 'Other', 'Active'),
(236, 'Curtis Diaz', 42, 'Other', 'Inactive'),
(237, 'Joan Trevino', 46, 'Male', 'Inactive'),
(238, 'Gregory Pollard', 49, 'Other', 'Inactive'),
(239, 'Lori Petty', 65, 'Other', 'Active'),
(240, 'Christina Gutierrez', 37, 'Male', 'Active'),
(241, 'Ashley Kim', 33, 'Male', 'Inactive'),
(242, 'Jennifer Wilson', 54, 'Male', 'Inactive'),
(243, 'Scott Russell', 35, 'Other', 'Active'),
(244, 'Evan Blackburn', 26, 'Other', 'Inactive'),
(245, 'Justin Hampton', 55, 'Male', 'Inactive'),
(246, 'Marie Reese', 60, 'Male', 'Active'),
(247, 'Sheila Gordon', 50, 'Other', 'Inactive'),
(248, 'Jessica Davis', 22, 'Male', 'Inactive'),
(249, 'Tyler Carter', 65, 'Female', 'Active'),
(250, 'David Burke', 25, 'Female', 'Active'),
(251, 'Joshua Bullock', 38, 'Male', 'Inactive'),
(252, 'Gabriel Peters', 50, 'Other', 'Active'),
(253, 'Christine Duran', 61, 'Male', 'Active'),
(254, 'Nancy Mendez', 44, 'Other', 'Inactive'),
(255, 'Susan Fisher', 45, 'Male', 'Active'),
(256, 'Meghan Burgess', 49, 'Male', 'Inactive'),
(257, 'Jeffery Jackson', 19, 'Female', 'Active'),
(258, 'David Tran', 18, 'Other', 'Inactive'),
(259, 'Karina Harris', 40, 'Female', 'Inactive'),
(260, 'Bradley Gibbs', 35, 'Other', 'Inactive'),
(261, 'Stephen Mitchell', 52, 'Female', 'Active'),
(262, 'Gabriel Warren', 18, 'Other', 'Inactive'),
(263, 'James Hines', 58, 'Male', 'Active'),
(264, 'Gabriela Wilson', 40, 'Other', 'Active'),
(265, 'Kara Wilson', 31, 'Male', 'Inactive'),
(266, 'John Butler', 65, 'Other', 'Active'),
(267, 'Jared Villanueva', 50, 'Male', 'Active'),
(268, 'Mary Hammond', 19, 'Other', 'Active'),
(269, 'Margaret Mayo', 30, 'Female', 'Inactive'),
(270, 'Ray Smith', 31, 'Other', 'Inactive'),
(271, 'Derek Morris', 30, 'Female', 'Inactive'),
(272, 'Carrie Martinez', 65, 'Other', 'Active'),
(273, 'Thomas Spence', 25, 'Female', 'Inactive'),
(274, 'Carrie Sloan', 30, 'Other', 'Inactive'),
(275, 'Mrs. Kimberly Woodard MD', 48, 'Female', 'Active'),
(276, 'Harry Alexander', 22, 'Male', 'Active'),
(277, 'David Cox', 45, 'Female', 'Active'),
(278, 'Sheryl Gray', 22, 'Other', 'Active'),
(279, 'Michael Bishop', 49, 'Male', 'Active'),
(280, 'Dalton Moore', 39, 'Female', 'Inactive'),
(281, 'Caroline Bell', 49, 'Other', 'Active'),
(282, 'Vanessa Shelton', 42, 'Other', 'Active'),
(283, 'Scott White', 45, 'Other', 'Active'),
(284, 'Richard Smith', 18, 'Male', 'Active'),
(285, 'Daniel Rodriguez', 63, 'Male', 'Inactive'),
(286, 'Mr. Kevin Bradley', 29, 'Female', 'Inactive'),
(287, 'Judith Evans', 20, 'Other', 'Inactive'),
(288, 'Michele Roman', 60, 'Other', 'Active'),
(289, 'Barry Mckenzie', 54, 'Other', 'Inactive'),
(290, 'Sara Stokes', 30, 'Female', 'Inactive'),
(291, 'Rebecca Bailey', 25, 'Male', 'Inactive'),
(292, 'Rachel Sosa', 47, 'Other', 'Inactive'),
(293, 'Amy Hubbard', 29, 'Male', 'Inactive'),
(294, 'Gary Grant', 41, 'Other', 'Inactive'),
(295, 'Kimberly Smith', 24, 'Other', 'Active'),
(296, 'Jennifer Nichols', 21, 'Other', 'Inactive'),
(297, 'Rachel Robinson', 20, 'Male', 'Inactive'),
(298, 'Brandon Atkinson', 55, 'Female', 'Active'),
(299, 'Dawn Mclaughlin', 45, 'Male', 'Inactive'),
(300, 'Terry Smith', 38, 'Female', 'Inactive'),
(301, 'Alejandro Bennett', 31, 'Female', 'Active'),
(302, 'Patricia Williams', 26, 'Female', 'Active'),
(303, 'Jose Sharp', 31, 'Other', 'Active'),
(304, 'Sarah Stark', 27, 'Female', 'Inactive'),
(305, 'Mark Thomas', 55, 'Male', 'Inactive'),
(306, 'Alexander Johnson', 36, 'Other', 'Active'),
(307, 'Henry Harmon', 57, 'Male', 'Inactive'),
(308, 'Nancy Jackson', 63, 'Male', 'Inactive'),
(309, 'Taylor Walters', 49, 'Other', 'Inactive'),
(310, 'Abigail Rodriguez', 33, 'Female', 'Active'),
(311, 'Dr. Susan Cook', 51, 'Female', 'Inactive'),
(312, 'John Jensen', 58, 'Other', 'Active'),
(313, 'Sean Barrett', 26, 'Female', 'Active'),
(314, 'Kenneth Brown', 33, 'Male', 'Inactive'),
(315, 'Samantha Clark DDS', 45, 'Other', 'Inactive'),
(316, 'Cynthia Cox', 46, 'Other', 'Inactive'),
(317, 'Jamie Gonzalez', 43, 'Other', 'Active'),
(318, 'Joseph Thomas', 63, 'Other', 'Active'),
(319, 'Brent Montes', 61, 'Female', 'Active'),
(320, 'Elizabeth Dudley', 58, 'Other', 'Inactive'),
(321, 'Alexa Romero', 22, 'Other', 'Inactive'),
(322, 'Jerry Smith', 39, 'Male', 'Inactive'),
(323, 'James Smith', 53, 'Male', 'Inactive'),
(324, 'Anthony Lam', 46, 'Male', 'Active'),
(325, 'Tom Diaz', 61, 'Male', 'Inactive'),
(326, 'Vanessa Gill', 26, 'Female', 'Inactive'),
(327, 'Robert Hensley', 27, 'Female', 'Inactive'),
(328, 'Matthew Guerrero', 22, 'Female', 'Active'),
(329, 'Jennifer Vargas', 41, 'Other', 'Inactive'),
(330, 'Taylor Lopez', 32, 'Male', 'Active'),
(331, 'Juan Dean', 39, 'Male', 'Inactive'),
(332, 'Karen Hayden', 52, 'Male', 'Active'),
(333, 'Heather Anderson', 38, 'Female', 'Active'),
(334, 'Austin Reyes', 25, 'Female', 'Active'),
(335, 'Melissa Fisher', 56, 'Male', 'Active'),
(336, 'Danny Allen', 35, 'Male', 'Inactive'),
(337, 'Jose Costa', 58, 'Other', 'Inactive'),
(338, 'Michelle Brennan', 60, 'Other', 'Inactive'),
(339, 'Amanda Conner', 32, 'Female', 'Active'),
(340, 'Christopher Jones', 47, 'Other', 'Active'),
(341, 'Tyrone Juarez', 25, 'Other', 'Active'),
(342, 'Chad Nelson', 38, 'Male', 'Inactive'),
(343, 'Zachary Gutierrez', 45, 'Other', 'Inactive'),
(344, 'Mark Mcbride', 52, 'Male', 'Inactive'),
(345, 'Debra Mcdonald', 25, 'Other', 'Inactive'),
(346, 'Luis Sanchez', 56, 'Female', 'Inactive'),
(347, 'David Durham', 62, 'Female', 'Active'),
(348, 'Claire Randall', 59, 'Other', 'Inactive'),
(349, 'Rebecca Stewart', 42, 'Female', 'Inactive'),
(350, 'Ryan Cox', 44, 'Male', 'Active'),
(351, 'Andrew Fletcher', 46, 'Other', 'Inactive'),
(352, 'Nicole Sanchez', 19, 'Female', 'Inactive'),
(353, 'Paul Walters', 39, 'Female', 'Active'),
(354, 'Melissa Johnson', 30, 'Male', 'Active'),
(355, 'Karen Ramos', 45, 'Female', 'Inactive'),
(356, 'Laura Castillo', 41, 'Male', 'Inactive'),
(357, 'James Anderson', 55, 'Other', 'Active'),
(358, 'Andre Hall', 61, 'Male', 'Active'),
(359, 'Scott Hernandez', 31, 'Female', 'Inactive'),
(360, 'Wendy Lee', 63, 'Female', 'Inactive'),
(361, 'Tony Ellison', 20, 'Other', 'Active'),
(362, 'Samuel Irwin', 51, 'Male', 'Active'),
(363, 'Mr. Timothy Mitchell DDS', 29, 'Female', 'Active'),
(364, 'Linda Wall', 49, 'Other', 'Active'),
(365, 'Mrs. Jacqueline Woodard MD', 41, 'Female', 'Inactive'),
(366, 'Johnny Cook', 52, 'Other', 'Inactive'),
(367, 'Miss Barbara Short', 50, 'Female', 'Inactive'),
(368, 'Adam Lane', 20, 'Other', 'Active'),
(369, 'Natasha Spencer', 23, 'Male', 'Active'),
(370, 'Dawn Sanchez', 49, 'Other', 'Inactive'),
(371, 'Robert Sims', 28, 'Male', 'Inactive'),
(372, 'Allison Carroll', 21, 'Female', 'Inactive'),
(373, 'Dominic Gray', 61, 'Other', 'Active'),
(374, 'Eric Hill', 22, 'Male', 'Active'),
(375, 'Anthony Baldwin', 42, 'Male', 'Active'),
(376, 'Jeffrey Nguyen', 58, 'Other', 'Inactive'),
(377, 'Jonathon Mclaughlin', 64, 'Female', 'Active'),
(378, 'John Anderson', 63, 'Male', 'Active'),
(379, 'Amy Harvey', 26, 'Female', 'Active'),
(380, 'Dustin Le', 29, 'Male', 'Inactive'),
(381, 'Kenneth Davis', 28, 'Male', 'Inactive'),
(382, 'David Marshall', 43, 'Other', 'Inactive'),
(383, 'Kelly Norton', 30, 'Female', 'Inactive'),
(384, 'Wendy Taylor', 28, 'Female', 'Inactive'),
(385, 'Monica Baldwin', 33, 'Female', 'Active'),
(386, 'Joseph Martin', 61, 'Other', 'Inactive'),
(387, 'Omar Martinez', 32, 'Male', 'Active'),
(388, 'Corey Smith', 27, 'Other', 'Active'),
(389, 'Maria Bowman', 43, 'Other', 'Active'),
(390, 'Sandra Gill', 40, 'Female', 'Active'),
(391, 'Chloe Newman', 32, 'Other', 'Inactive'),
(392, 'Heather Jones', 32, 'Female', 'Active'),
(393, 'Natalie Chavez DDS', 20, 'Other', 'Inactive'),
(394, 'Marilyn Baker', 34, 'Female', 'Active'),
(395, 'Robert Oliver', 22, 'Male', 'Active'),
(396, 'Mary Mcmillan', 64, 'Male', 'Active'),
(397, 'Carolyn Arnold', 37, 'Male', 'Active'),
(398, 'Sarah Ruiz', 57, 'Male', 'Active'),
(399, 'Christina Lewis', 22, 'Female', 'Inactive'),
(400, 'Bradley Hernandez', 63, 'Male', 'Active'),
(401, 'Allen Miller', 35, 'Female', 'Active'),
(402, 'Nathan Flores', 52, 'Female', 'Inactive'),
(403, 'Briana Martin', 59, 'Male', 'Inactive'),
(404, 'David Clark', 40, 'Female', 'Active'),
(405, 'Leroy Jones', 20, 'Other', 'Active'),
(406, 'Heather Scott', 57, 'Male', 'Inactive'),
(407, 'Vanessa Mendoza', 31, 'Other', 'Active'),
(408, 'George Weaver', 22, 'Female', 'Active'),
(409, 'Doris Cooper', 56, 'Female', 'Inactive'),
(410, 'Bruce Anderson', 51, 'Male', 'Inactive'),
(411, 'Kimberly Reed', 64, 'Male', 'Inactive'),
(412, 'Tammy Allison', 52, 'Female', 'Active'),
(413, 'Dale Mejia', 27, 'Male', 'Active'),
(414, 'Jacob Kelley', 41, 'Other', 'Active'),
(415, 'Matthew Hampton', 37, 'Male', 'Inactive'),
(416, 'Brandon Smith', 43, 'Female', 'Active'),
(417, 'Cynthia Hall', 51, 'Other', 'Inactive'),
(418, 'Angel Fuller', 39, 'Male', 'Active'),
(419, 'Sonia Davis', 27, 'Male', 'Active'),
(420, 'Terry Gomez', 64, 'Male', 'Active'),
(421, 'Travis Brown', 49, 'Female', 'Inactive'),
(422, 'Dylan Dixon', 19, 'Female', 'Active'),
(423, 'James Newton', 30, 'Male', 'Active'),
(424, 'Antonio Shields', 46, 'Male', 'Inactive'),
(425, 'Tricia Coleman', 49, 'Male', 'Inactive'),
(426, 'Ryan Munoz', 45, 'Male', 'Inactive'),
(427, 'Patricia Scott', 52, 'Male', 'Inactive'),
(428, 'Ashley Gonzales', 41, 'Other', 'Inactive'),
(429, 'Vicki Carter', 29, 'Other', 'Inactive'),
(430, 'Matthew Turner', 62, 'Female', 'Active'),
(431, 'James Melton', 46, 'Other', 'Inactive'),
(432, 'Kayla Gregory', 38, 'Male', 'Inactive'),
(433, 'Bryan Medina', 41, 'Other', 'Inactive'),
(434, 'Cameron Harris', 26, 'Female', 'Active'),
(435, 'Richard Rich', 27, 'Female', 'Inactive'),
(436, 'Jason Robertson', 37, 'Male', 'Active'),
(437, 'Philip Huff', 51, 'Male', 'Inactive'),
(438, 'Kristie Nelson', 41, 'Other', 'Inactive'),
(439, 'Mrs. Lisa Suarez', 56, 'Male', 'Inactive'),
(440, 'Nicholas Wilson', 60, 'Other', 'Active'),
(441, 'Catherine Jordan', 43, 'Female', 'Active'),
(442, 'Michele Ruiz', 53, 'Other', 'Active'),
(443, 'Kimberly Sparks', 26, 'Other', 'Inactive'),
(444, 'Joseph Oconnor', 65, 'Female', 'Active'),
(445, 'Joseph Armstrong', 48, 'Female', 'Active'),
(446, 'Stephen Little', 26, 'Other', 'Inactive'),
(447, 'Melissa Clark', 45, 'Female', 'Active'),
(448, 'Michelle Robertson', 57, 'Female', 'Active'),
(449, 'Nathan Rodriguez', 29, 'Other', 'Inactive'),
(450, 'Marissa Hunt', 40, 'Male', 'Inactive'),
(451, 'Steve Adams', 63, 'Other', 'Active'),
(452, 'Crystal Reyes', 41, 'Female', 'Active'),
(453, 'Lindsey Hall', 23, 'Other', 'Active'),
(454, 'Jay Clark', 54, 'Other', 'Inactive'),
(455, 'Michael Reeves', 21, 'Female', 'Inactive'),
(456, 'Nicole Baxter', 34, 'Other', 'Inactive'),
(457, 'Cheryl Davila', 55, 'Male', 'Inactive'),
(458, 'Emma Pratt', 19, 'Other', 'Inactive'),
(459, 'Jennifer Nelson', 44, 'Male', 'Inactive'),
(460, 'William Garrett', 25, 'Male', 'Inactive'),
(461, 'Jose Allen', 27, 'Female', 'Active'),
(462, 'Anne Hernandez', 24, 'Male', 'Inactive'),
(463, 'Christopher Stevens', 57, 'Other', 'Active'),
(464, 'Alex Gordon', 35, 'Male', 'Inactive'),
(465, 'Justin Thornton', 35, 'Female', 'Active'),
(466, 'Jeremy Perez', 21, 'Male', 'Active'),
(467, 'Janet Carpenter', 65, 'Other', 'Inactive'),
(468, 'Kimberly Brown', 47, 'Other', 'Inactive'),
(469, 'Luis Shaw', 29, 'Female', 'Active'),
(470, 'Amanda Smith', 65, 'Male', 'Inactive'),
(471, 'Stephanie Jackson', 44, 'Other', 'Active'),
(472, 'Matthew Thomas', 65, 'Other', 'Active'),
(473, 'Faith Morris', 18, 'Other', 'Inactive'),
(474, 'David Potter', 56, 'Male', 'Active'),
(475, 'Kimberly Lang', 65, 'Female', 'Active'),
(476, 'Alicia Malone', 56, 'Female', 'Inactive'),
(477, 'Gregory Sparks', 20, 'Female', 'Inactive'),
(478, 'Mary Arias', 19, 'Male', 'Active'),
(479, 'Jeffrey Robles', 28, 'Male', 'Active'),
(480, 'Jay Scott', 28, 'Other', 'Active'),
(481, 'Brandon Flores', 41, 'Female', 'Inactive'),
(482, 'Donna King', 28, 'Male', 'Active'),
(483, 'Curtis Barrett', 29, 'Female', 'Inactive'),
(484, 'Jason Hayden', 43, 'Female', 'Active'),
(485, 'Patricia Washington', 27, 'Male', 'Active'),
(486, 'Chelsea Owens', 64, 'Male', 'Active'),
(487, 'Kayla Garcia', 44, 'Female', 'Inactive'),
(488, 'Lisa Torres', 36, 'Male', 'Inactive'),
(489, 'Madison Smith', 26, 'Male', 'Inactive'),
(490, 'Molly Choi', 55, 'Other', 'Active'),
(491, 'Kristy Phillips', 22, 'Other', 'Active'),
(492, 'Dr. Jacob Castaneda DVM', 53, 'Other', 'Inactive'),
(493, 'Dr. Thomas Brown', 42, 'Other', 'Active'),
(494, 'Michael Torres', 23, 'Female', 'Inactive'),
(495, 'Scott Fleming', 51, 'Female', 'Inactive'),
(496, 'Patrick Martin', 50, 'Other', 'Inactive'),
(497, 'Brittany Martinez', 30, 'Other', 'Inactive'),
(498, 'Lori Thomas', 52, 'Male', 'Inactive'),
(499, 'Paul Mccullough', 62, 'Other', 'Active'),
(500, 'Bruce Rodriguez', 62, 'Male', 'Inactive'),
(501, 'Kristi Stevens', 22, 'Male', 'Active'),
(502, 'Christina Hayes', 32, 'Male', 'Active'),
(503, 'Dawn Choi', 28, 'Female', 'Active'),
(504, 'Zachary Bowen', 25, 'Male', 'Active'),
(505, 'Crystal Lee', 64, 'Male', 'Inactive'),
(506, 'Dr. Justin Vega', 50, 'Female', 'Inactive'),
(507, 'Bradley Riley', 62, 'Other', 'Active'),
(508, 'George Mcpherson', 35, 'Male', 'Inactive'),
(509, 'Erica Garcia', 32, 'Female', 'Active'),
(510, 'Christopher Black', 62, 'Female', 'Inactive'),
(511, 'Charles Smith', 24, 'Female', 'Active'),
(512, 'Ellen Wright', 56, 'Male', 'Active'),
(513, 'Ryan Hess', 41, 'Male', 'Active'),
(514, 'Miss Alyssa Perez DDS', 59, 'Other', 'Inactive'),
(515, 'Taylor Williamson', 48, 'Male', 'Inactive'),
(516, 'Megan Sullivan', 42, 'Female', 'Active'),
(517, 'Christina Lowe', 35, 'Female', 'Active'),
(518, 'Anthony Sanchez DVM', 37, 'Other', 'Active'),
(519, 'Kyle Strong', 46, 'Female', 'Active'),
(520, 'Omar Thomas', 60, 'Male', 'Inactive'),
(521, 'Angela Jimenez', 44, 'Other', 'Inactive'),
(522, 'Rebecca Stone', 18, 'Female', 'Active'),
(523, 'Kyle Smith', 37, 'Male', 'Inactive'),
(524, 'Gwendolyn Ray', 36, 'Female', 'Inactive'),
(525, 'Stephen Wilcox', 19, 'Other', 'Active'),
(526, 'Ashley Barber', 55, 'Male', 'Inactive'),
(527, 'Brittany Holt', 55, 'Male', 'Inactive'),
(528, 'Amber Rodriguez', 18, 'Male', 'Active'),
(529, 'Anne Roberts', 44, 'Male', 'Active'),
(530, 'Katie Vega', 40, 'Female', 'Active'),
(531, 'Gabriel Weber', 32, 'Male', 'Inactive'),
(532, 'Jeffrey Williamson', 54, 'Other', 'Inactive'),
(533, 'Jason Juarez', 61, 'Other', 'Inactive'),
(534, 'Toni Hall', 53, 'Other', 'Active'),
(535, 'Ryan Ramos', 28, 'Female', 'Active'),
(536, 'Thomas Stuart', 30, 'Male', 'Inactive'),
(537, 'Joseph Adams', 31, 'Female', 'Inactive'),
(538, 'Kimberly Burke', 20, 'Male', 'Inactive'),
(539, 'Brandon Church', 38, 'Male', 'Inactive'),
(540, 'Jonathan Reed', 39, 'Female', 'Active'),
(541, 'Julie Turner', 53, 'Female', 'Active'),
(542, 'Joseph Vargas', 46, 'Female', 'Active'),
(543, 'Michael Parker', 37, 'Other', 'Inactive'),
(544, 'Erin Cunningham', 63, 'Other', 'Active'),
(545, 'Elizabeth Watson', 47, 'Female', 'Inactive'),
(546, 'Tara Mccoy', 31, 'Male', 'Active'),
(547, 'Louis Larsen', 24, 'Male', 'Inactive'),
(548, 'Tara Waller', 50, 'Other', 'Inactive'),
(549, 'Morgan Thompson', 32, 'Other', 'Inactive'),
(550, 'Jason Greene', 26, 'Male', 'Active'),
(551, 'Patricia Terry', 50, 'Male', 'Inactive'),
(552, 'Melissa Erickson', 48, 'Other', 'Active'),
(553, 'Amanda Griffith', 26, 'Male', 'Active'),
(554, 'Leslie Walker', 20, 'Other', 'Inactive'),
(555, 'Johnny Dalton', 28, 'Other', 'Inactive'),
(556, 'Crystal Kidd', 29, 'Female', 'Active'),
(557, 'Kristina Phillips', 24, 'Male', 'Active'),
(558, 'Michaela Rivera', 28, 'Male', 'Active'),
(559, 'Tammy Mcpherson', 63, 'Female', 'Active'),
(560, 'Carrie Thomas', 39, 'Female', 'Active'),
(561, 'Kimberly Davis', 52, 'Female', 'Inactive'),
(562, 'Pamela Levine', 37, 'Female', 'Inactive'),
(563, 'Beverly Logan', 51, 'Female', 'Inactive'),
(564, 'Pamela Ellison', 23, 'Female', 'Inactive'),
(565, 'Kathleen Ross', 50, 'Male', 'Active'),
(566, 'Erica Jones', 46, 'Female', 'Inactive'),
(567, 'Adam Thomas', 32, 'Female', 'Inactive'),
(568, 'Courtney Lucas', 20, 'Other', 'Inactive'),
(569, 'Kimberly Montgomery', 55, 'Female', 'Active'),
(570, 'Paul Smith', 35, 'Other', 'Active'),
(571, 'Tamara Harding', 18, 'Other', 'Active'),
(572, 'Suzanne Miller', 41, 'Other', 'Inactive'),
(573, 'Laura Harvey', 22, 'Male', 'Inactive'),
(574, 'Patrick Rodriguez', 38, 'Male', 'Active'),
(575, 'Sabrina Davis', 27, 'Other', 'Active'),
(576, 'Eric Smith', 34, 'Male', 'Inactive'),
(577, 'Chad Kennedy', 49, 'Male', 'Active'),
(578, 'Denise Lindsey', 28, 'Other', 'Active'),
(579, 'Dawn Fuller MD', 18, 'Other', 'Inactive'),
(580, 'Mark Santiago', 32, 'Male', 'Active'),
(581, 'Jennifer Stewart', 32, 'Female', 'Inactive'),
(582, 'Sara Harris', 35, 'Other', 'Active'),
(583, 'Nicholas Anderson', 60, 'Male', 'Inactive'),
(584, 'Robin Williams', 19, 'Other', 'Inactive'),
(585, 'Angela Bell', 62, 'Female', 'Active'),
(586, 'Alexander Mitchell', 24, 'Other', 'Inactive'),
(587, 'Leslie Harmon', 47, 'Male', 'Inactive'),
(588, 'Krystal Rice', 42, 'Other', 'Inactive'),
(589, 'Mr. Gary Ramos', 64, 'Other', 'Inactive'),
(590, 'Meghan Beck', 18, 'Female', 'Active'),
(591, 'Nancy Vincent', 38, 'Other', 'Inactive'),
(592, 'Jonathan Rangel', 49, 'Other', 'Inactive'),
(593, 'Laura Smith', 47, 'Female', 'Active'),
(594, 'Amber Mason', 28, 'Other', 'Active'),
(595, 'Michelle Smith', 35, 'Other', 'Active'),
(596, 'Megan Barry', 53, 'Female', 'Inactive'),
(597, 'Kathy Clark', 55, 'Female', 'Inactive'),
(598, 'Brenda Torres', 20, 'Male', 'Active'),
(599, 'James Rose', 58, 'Female', 'Inactive'),
(600, 'Stephen Weber', 20, 'Male', 'Active'),
(601, 'Jason Hess', 30, 'Female', 'Inactive'),
(602, 'Connie Collins', 52, 'Male', 'Active'),
(603, 'Melissa Evans', 37, 'Female', 'Inactive'),
(604, 'Thomas Martinez', 50, 'Male', 'Inactive'),
(605, 'Erin Phillips', 65, 'Female', 'Active'),
(606, 'Stephanie Lopez', 36, 'Female', 'Inactive'),
(607, 'Christopher Knapp', 54, 'Male', 'Inactive'),
(608, 'Shelly Russo', 48, 'Female', 'Active'),
(609, 'Kimberly Galvan', 55, 'Male', 'Inactive'),
(610, 'Renee Burnett', 62, 'Male', 'Active'),
(611, 'Kerry Simon', 50, 'Male', 'Active'),
(612, 'Alfred Barr', 31, 'Female', 'Inactive'),
(613, 'Kelsey Hines', 64, 'Other', 'Active'),
(614, 'Elizabeth Dudley', 64, 'Other', 'Active'),
(615, 'Kimberly Dunlap', 53, 'Male', 'Active'),
(616, 'David Pena', 59, 'Male', 'Active'),
(617, 'Sarah Castro', 19, 'Other', 'Inactive'),
(618, 'Tiffany Richardson', 36, 'Other', 'Active'),
(619, 'Terry Burch', 63, 'Male', 'Active'),
(620, 'Jason Davis', 31, 'Female', 'Active'),
(621, 'Henry Bennett', 51, 'Other', 'Active'),
(622, 'John Rodriguez', 42, 'Female', 'Inactive'),
(623, 'Joseph Smith', 26, 'Male', 'Active'),
(624, 'Anthony Miller', 64, 'Other', 'Inactive'),
(625, 'Jennifer Clark', 64, 'Male', 'Active'),
(626, 'Douglas Martin', 23, 'Female', 'Inactive'),
(627, 'Brenda Carter', 36, 'Male', 'Inactive'),
(628, 'Terri Foster', 20, 'Male', 'Active'),
(629, 'Brenda Lang', 23, 'Male', 'Active'),
(630, 'Patricia Scott', 52, 'Other', 'Active'),
(631, 'Melissa Vega', 21, 'Female', 'Active'),
(632, 'Taylor Thompson', 23, 'Other', 'Inactive'),
(633, 'Tina Welch', 21, 'Other', 'Inactive'),
(634, 'Heather Arias', 21, 'Female', 'Active'),
(635, 'Ralph Newman', 65, 'Other', 'Active'),
(636, 'Stacy Bell', 37, 'Female', 'Active'),
(637, 'Tyler Miller', 54, 'Female', 'Inactive'),
(638, 'Valerie Lee', 51, 'Other', 'Inactive'),
(639, 'Jimmy Wade', 19, 'Male', 'Active'),
(640, 'Carlos Mcmillan', 24, 'Other', 'Inactive'),
(641, 'Laurie Mata', 51, 'Other', 'Inactive'),
(642, 'Brianna Phelps', 37, 'Male', 'Active'),
(643, 'Heather Henry', 45, 'Female', 'Inactive'),
(644, 'Rebecca Avery', 40, 'Female', 'Active'),
(645, 'Anthony Blankenship', 33, 'Other', 'Active'),
(646, 'Alice Martin', 37, 'Male', 'Inactive'),
(647, 'Phillip Nelson', 28, 'Other', 'Active'),
(648, 'Emily Martin', 58, 'Male', 'Active'),
(649, 'Monica Blake', 19, 'Other', 'Active'),
(650, 'Rebecca Carter', 36, 'Female', 'Inactive'),
(651, 'Jason Warren', 57, 'Female', 'Active'),
(652, 'Julian Maxwell', 47, 'Female', 'Inactive'),
(653, 'Mrs. Kimberly Day MD', 61, 'Male', 'Active'),
(654, 'Rachel Roman', 19, 'Male', 'Inactive'),
(655, 'Elizabeth Johnston', 59, 'Other', 'Inactive'),
(656, 'Sabrina Norris', 55, 'Female', 'Inactive'),
(657, 'Brandi Harvey', 40, 'Other', 'Active'),
(658, 'Hayden Parsons', 28, 'Other', 'Inactive'),
(659, 'Gregory Marshall', 20, 'Male', 'Active'),
(660, 'Eric Bailey', 65, 'Female', 'Active'),
(661, 'Dawn Coleman', 48, 'Female', 'Active'),
(662, 'Alex Jones', 47, 'Male', 'Inactive'),
(663, 'Bobby Tanner', 28, 'Other', 'Inactive'),
(664, 'Jeffrey Stephens', 51, 'Other', 'Active'),
(665, 'Brenda Mendoza', 43, 'Female', 'Active'),
(666, 'John Adkins', 43, 'Other', 'Inactive'),
(667, 'James Diaz', 23, 'Female', 'Inactive'),
(668, 'Leslie Velez', 29, 'Male', 'Inactive'),
(669, 'Michael Lee', 23, 'Male', 'Active'),
(670, 'Lindsey Davis', 31, 'Female', 'Inactive'),
(671, 'Sara Brewer', 62, 'Other', 'Inactive'),
(672, 'Seth Brown', 28, 'Other', 'Inactive'),
(673, 'Stanley White', 35, 'Female', 'Inactive'),
(674, 'Mrs. Theresa Wilson', 20, 'Female', 'Active'),
(675, 'John Freeman', 60, 'Male', 'Active'),
(676, 'Charles Nichols', 59, 'Other', 'Active'),
(677, 'Cory Roth', 40, 'Other', 'Inactive'),
(678, 'Michelle Durham', 35, 'Male', 'Active'),
(679, 'Manuel Lewis', 42, 'Female', 'Inactive'),
(680, 'Jeremy Garcia', 58, 'Female', 'Active'),
(681, 'Christy Jordan', 19, 'Female', 'Active'),
(682, 'Colleen Jones', 29, 'Other', 'Inactive'),
(683, 'Zachary Brown', 21, 'Other', 'Inactive'),
(684, 'Jill Stanton', 48, 'Male', 'Active'),
(685, 'Kristen Jackson', 50, 'Female', 'Inactive'),
(686, 'Jillian Ramos', 27, 'Other', 'Inactive'),
(687, 'Angel Henry', 20, 'Male', 'Active'),
(688, 'Brandon Martin', 20, 'Female', 'Active'),
(689, 'Natalie Byrd', 29, 'Male', 'Active'),
(690, 'Samuel Rivera', 35, 'Female', 'Active'),
(691, 'Dr. Danny Mccann', 60, 'Other', 'Active'),
(692, 'Jim Scott', 47, 'Male', 'Active'),
(693, 'Molly Harris', 63, 'Male', 'Active'),
(694, 'Edward Smith', 61, 'Other', 'Active'),
(695, 'Jessica Lopez', 50, 'Female', 'Active'),
(696, 'Cynthia Melton', 62, 'Other', 'Inactive'),
(697, 'John Smith', 61, 'Female', 'Inactive'),
(698, 'Carl Armstrong', 22, 'Male', 'Active'),
(699, 'Ashley Garcia', 48, 'Other', 'Active'),
(700, 'David Pierce', 39, 'Female', 'Active'),
(701, 'Jerry Thompson', 44, 'Female', 'Inactive'),
(702, 'Lisa Ramirez', 43, 'Female', 'Active'),
(703, 'Rhonda Salinas', 53, 'Male', 'Inactive'),
(704, 'Cheryl Chambers', 42, 'Other', 'Active'),
(705, 'Mr. Micheal Henry', 39, 'Male', 'Inactive'),
(706, 'Raymond Nelson', 28, 'Female', 'Active'),
(707, 'Angela Roberts', 42, 'Male', 'Inactive'),
(708, 'Megan Lamb', 51, 'Female', 'Inactive'),
(709, 'Brian Owens', 23, 'Male', 'Active'),
(710, 'Jacob Woods', 54, 'Female', 'Active'),
(711, 'Ellen Barker', 57, 'Female', 'Inactive'),
(712, 'Dana Garcia', 40, 'Female', 'Inactive'),
(713, 'Howard Key', 47, 'Male', 'Active'),
(714, 'Melissa Wallace', 41, 'Female', 'Inactive'),
(715, 'Monique Davis', 22, 'Female', 'Inactive'),
(716, 'Mary Martinez', 26, 'Other', 'Inactive'),
(717, 'Jeff Johnson', 20, 'Other', 'Inactive'),
(718, 'Douglas Ramirez', 45, 'Male', 'Inactive'),
(719, 'Amy Miller', 27, 'Other', 'Inactive'),
(720, 'Patrick Evans', 60, 'Other', 'Active'),
(721, 'Shannon Jackson', 49, 'Female', 'Inactive'),
(722, 'Kelly Rios', 60, 'Other', 'Active'),
(723, 'Jill Buchanan', 57, 'Male', 'Active'),
(724, 'Keith Johnson', 49, 'Male', 'Inactive'),
(725, 'Gregory Smith', 36, 'Female', 'Active'),
(726, 'Joseph Klein', 64, 'Other', 'Inactive'),
(727, 'David Gregory', 36, 'Male', 'Active'),
(728, 'Tammy Dixon', 60, 'Male', 'Active'),
(729, 'Linda Hawkins', 60, 'Other', 'Inactive'),
(730, 'Deborah Sanchez', 65, 'Female', 'Inactive'),
(731, 'Melissa Carey', 40, 'Female', 'Active'),
(732, 'Corey Johnson', 36, 'Male', 'Active'),
(733, 'Jay Evans', 21, 'Male', 'Inactive'),
(734, 'Kevin Green', 44, 'Male', 'Active'),
(735, 'Rebecca Padilla', 44, 'Female', 'Active'),
(736, 'Dave Romero', 25, 'Male', 'Inactive'),
(737, 'David Mills', 24, 'Female', 'Inactive'),
(738, 'William Alexander', 25, 'Female', 'Inactive'),
(739, 'Mr. John Hill II', 36, 'Female', 'Inactive'),
(740, 'John Foster', 44, 'Other', 'Active'),
(741, 'Christy Berry', 41, 'Female', 'Active'),
(742, 'Jason Ortiz', 25, 'Female', 'Inactive'),
(743, 'Timothy Guzman', 41, 'Female', 'Inactive'),
(744, 'Manuel Ramirez', 34, 'Female', 'Active'),
(745, 'Erik Rodriguez', 51, 'Other', 'Active'),
(746, 'Jo Richards', 51, 'Male', 'Inactive'),
(747, 'Veronica Bennett', 51, 'Other', 'Inactive'),
(748, 'Zoe Camacho', 58, 'Male', 'Active'),
(749, 'Jennifer Cruz', 54, 'Other', 'Inactive'),
(750, 'William Garza', 36, 'Male', 'Active'),
(751, 'Matthew Anderson', 45, 'Male', 'Active'),
(752, 'David Powell IV', 40, 'Other', 'Active'),
(753, 'Lynn Franco', 53, 'Other', 'Inactive'),
(754, 'Kelly Sutton', 28, 'Female', 'Active'),
(755, 'Sheri Cortez', 39, 'Male', 'Active'),
(756, 'Stanley Baker', 28, 'Other', 'Active'),
(757, 'James James', 38, 'Male', 'Active'),
(758, 'Mr. Harry Allen', 34, 'Other', 'Active'),
(759, 'Matthew Roberts', 53, 'Male', 'Active'),
(760, 'Gary Lee', 32, 'Other', 'Active'),
(761, 'Taylor Dean', 34, 'Female', 'Inactive'),
(762, 'Madeline Contreras', 19, 'Other', 'Inactive'),
(763, 'Terri Ross', 51, 'Female', 'Active'),
(764, 'Darrell Wall', 30, 'Male', 'Inactive'),
(765, 'Roberta Haas', 48, 'Male', 'Inactive'),
(766, 'Steve Smith', 42, 'Female', 'Inactive'),
(767, 'William Davis', 62, 'Other', 'Active'),
(768, 'Paige Hayes', 27, 'Female', 'Active'),
(769, 'Julie Baird', 26, 'Other', 'Active'),
(770, 'Isaac Shannon', 19, 'Other', 'Active'),
(771, 'Daniel Lee', 64, 'Female', 'Active'),
(772, 'Willie Miller', 39, 'Female', 'Inactive'),
(773, 'Bryan Brown', 45, 'Other', 'Active'),
(774, 'Penny Jennings', 30, 'Other', 'Active'),
(775, 'Christopher Swanson', 62, 'Female', 'Inactive'),
(776, 'Emily Price', 53, 'Male', 'Active'),
(777, 'Rebecca Gonzalez', 61, 'Male', 'Inactive'),
(778, 'Danielle Garza', 58, 'Other', 'Inactive'),
(779, 'David Nelson', 39, 'Other', 'Inactive'),
(780, 'Brian Phillips', 37, 'Other', 'Inactive'),
(781, 'Anita Jones', 44, 'Male', 'Active'),
(782, 'Sheila Moore', 18, 'Male', 'Active'),
(783, 'Alex Thompson', 54, 'Female', 'Inactive'),
(784, 'Danielle Gomez', 46, 'Male', 'Active'),
(785, 'Alyssa Harris', 49, 'Male', 'Active'),
(786, 'Steve Morton', 20, 'Other', 'Active'),
(787, 'John Smith', 19, 'Female', 'Inactive'),
(788, 'David Williams', 33, 'Female', 'Inactive'),
(789, 'Lauren Williams', 27, 'Other', 'Active'),
(790, 'Carrie Butler', 65, 'Male', 'Inactive'),
(791, 'Matthew Hernandez', 59, 'Other', 'Active'),
(792, 'Lauren Richardson', 35, 'Other', 'Inactive'),
(793, 'Olivia Butler', 28, 'Female', 'Active'),
(794, 'Carrie Clark', 30, 'Female', 'Active'),
(795, 'Elizabeth Wolf', 63, 'Female', 'Inactive'),
(796, 'Joanne Griffin', 37, 'Male', 'Inactive'),
(797, 'Jacob Shannon', 35, 'Other', 'Active'),
(798, 'Melanie Casey', 44, 'Other', 'Active'),
(799, 'Lori Gray', 49, 'Female', 'Active'),
(800, 'Ann Mcdonald', 52, 'Female', 'Active'),
(801, 'Jesse Wilson', 22, 'Female', 'Inactive'),
(802, 'Cynthia Vasquez', 52, 'Male', 'Active'),
(803, 'Lawrence Smith', 27, 'Male', 'Active'),
(804, 'Jacob Aguilar', 23, 'Male', 'Inactive'),
(805, 'Gerald Sharp', 53, 'Other', 'Inactive'),
(806, 'Terri Richards', 35, 'Female', 'Inactive'),
(807, 'Elizabeth Vega', 61, 'Female', 'Inactive'),
(808, 'Jeremy Cooper', 58, 'Female', 'Active'),
(809, 'Matthew Bonilla', 44, 'Male', 'Active'),
(810, 'Eric Montgomery', 60, 'Female', 'Active'),
(811, 'Susan Gonzalez', 62, 'Male', 'Inactive'),
(812, 'Jesse Miller', 52, 'Male', 'Active'),
(813, 'Mr. Dustin Cross', 65, 'Female', 'Active'),
(814, 'Dr. Pamela Key', 27, 'Female', 'Active'),
(815, 'Jennifer Ward', 31, 'Female', 'Active'),
(816, 'Philip Henderson', 31, 'Other', 'Active'),
(817, 'Rachael Benson', 64, 'Female', 'Inactive'),
(818, 'Donald Warner', 18, 'Female', 'Inactive'),
(819, 'Wayne Schneider', 43, 'Other', 'Inactive'),
(820, 'Amber Ward', 54, 'Female', 'Active'),
(821, 'Karen Washington', 31, 'Male', 'Inactive'),
(822, 'Shawn Wells', 26, 'Other', 'Active'),
(823, 'Michelle Jackson', 52, 'Female', 'Inactive'),
(824, 'Jesse Mendoza', 52, 'Other', 'Inactive'),
(825, 'Tracy Powers', 65, 'Female', 'Active'),
(826, 'Sarah Sanders', 54, 'Other', 'Inactive'),
(827, 'Maria Franklin', 60, 'Male', 'Inactive'),
(828, 'Melanie Andersen', 20, 'Other', 'Inactive'),
(829, 'Michael Snyder', 55, 'Other', 'Inactive'),
(830, 'Kimberly Morris', 50, 'Female', 'Inactive'),
(831, 'Daniel Williamson', 25, 'Male', 'Inactive'),
(832, 'Jared Webb', 18, 'Male', 'Inactive'),
(833, 'Susan Davis', 54, 'Female', 'Active'),
(834, 'Michelle Wolfe', 63, 'Male', 'Active'),
(835, 'Keith Smith', 53, 'Other', 'Active'),
(836, 'Jonathan Rivera', 47, 'Female', 'Inactive'),
(837, 'Bryan Walsh', 42, 'Female', 'Inactive'),
(838, 'William Best', 36, 'Other', 'Inactive'),
(839, 'Anne Estes', 59, 'Female', 'Inactive'),
(840, 'Jeffrey Morton', 22, 'Female', 'Inactive'),
(841, 'Jacqueline Evans', 60, 'Other', 'Inactive'),
(842, 'Tammy Smith', 30, 'Female', 'Inactive'),
(843, 'Sara King', 36, 'Female', 'Inactive'),
(844, 'Robert Goodman', 21, 'Other', 'Inactive'),
(845, 'Gerald Cooke', 33, 'Other', 'Inactive'),
(846, 'Natasha Harris', 36, 'Male', 'Active'),
(847, 'Darryl Nolan', 35, 'Male', 'Inactive'),
(848, 'Edward Wilkerson', 55, 'Other', 'Inactive'),
(849, 'Frank Gomez', 55, 'Female', 'Inactive'),
(850, 'Dr. Shawn Miranda', 26, 'Male', 'Active'),
(851, 'Geoffrey Roberts', 59, 'Other', 'Inactive'),
(852, 'Elizabeth Kramer', 61, 'Other', 'Active'),
(853, 'Robert Williams', 60, 'Male', 'Inactive'),
(854, 'Mr. Ryan Beck', 61, 'Male', 'Active'),
(855, 'Amy Heath', 54, 'Male', 'Active'),
(856, 'Zachary Cox', 24, 'Other', 'Active'),
(857, 'Nicholas Guerra', 23, 'Male', 'Active'),
(858, 'Sarah Fletcher', 41, 'Male', 'Active'),
(859, 'Katelyn Jacobson', 41, 'Other', 'Active'),
(860, 'Jenna Marquez', 28, 'Female', 'Inactive'),
(861, 'Jennifer Smith', 23, 'Other', 'Active'),
(862, 'Daniel Duke', 45, 'Male', 'Active'),
(863, 'Dana Payne', 28, 'Male', 'Active'),
(864, 'Miss Jessica Jones', 39, 'Male', 'Inactive'),
(865, 'Jessica Garcia', 47, 'Male', 'Active'),
(866, 'Rachel Jones', 19, 'Female', 'Inactive'),
(867, 'Brent Mendoza', 22, 'Male', 'Active'),
(868, 'Daniel Malone', 55, 'Female', 'Active'),
(869, 'Nicholas Rodriguez', 50, 'Other', 'Inactive'),
(870, 'Jerry Lopez', 26, 'Male', 'Inactive'),
(871, 'Nicole Cook', 41, 'Female', 'Inactive'),
(872, 'Anthony Ferguson', 41, 'Male', 'Active'),
(873, 'Kimberly Miller', 52, 'Male', 'Inactive'),
(874, 'Jennifer Clark', 25, 'Female', 'Inactive'),
(875, 'Katherine Wong', 34, 'Other', 'Active'),
(876, 'John Becker', 29, 'Female', 'Inactive'),
(877, 'Nicole Smith', 50, 'Other', 'Active'),
(878, 'Megan Castillo', 18, 'Other', 'Inactive'),
(879, 'Ashley Alvarado', 54, 'Other', 'Inactive'),
(880, 'Sarah Thomas', 54, 'Male', 'Active'),
(881, 'Mckenzie Moore', 53, 'Male', 'Active'),
(882, 'Ryan James', 41, 'Male', 'Inactive'),
(883, 'Jaclyn Collins', 47, 'Male', 'Active'),
(884, 'Jay Atkinson', 51, 'Male', 'Active'),
(885, 'Whitney Chambers', 65, 'Male', 'Active'),
(886, 'Dawn Gonzales', 21, 'Male', 'Inactive'),
(887, 'Christine Hooper', 43, 'Female', 'Active'),
(888, 'Joel Anthony', 52, 'Female', 'Inactive'),
(889, 'Jodi Graves', 32, 'Other', 'Inactive'),
(890, 'Vicki Taylor', 48, 'Female', 'Active'),
(891, 'Johnathan Donaldson', 37, 'Female', 'Inactive'),
(892, 'Monica Parker', 60, 'Male', 'Inactive'),
(893, 'Chelsea Hill', 31, 'Male', 'Active'),
(894, 'Lance Davis', 34, 'Other', 'Inactive'),
(895, 'Ruth Randall', 19, 'Male', 'Active'),
(896, 'Patricia Lee', 56, 'Female', 'Active'),
(897, 'Tyrone Elliott', 36, 'Male', 'Inactive'),
(898, 'Laura Montgomery', 56, 'Female', 'Active'),
(899, 'Tiffany Jordan', 44, 'Male', 'Active'),
(900, 'Richard Pearson', 52, 'Other', 'Active'),
(901, 'John Rogers', 29, 'Male', 'Active'),
(902, 'Andrea Bond', 50, 'Other', 'Inactive'),
(903, 'Christina Henry', 39, 'Female', 'Active'),
(904, 'Leslie Mason', 42, 'Other', 'Inactive'),
(905, 'Daniel Stanley', 22, 'Other', 'Inactive'),
(906, 'Bradley Parker', 36, 'Other', 'Active'),
(907, 'Christina Carlson', 42, 'Female', 'Inactive'),
(908, 'Kimberly Burke', 59, 'Female', 'Inactive'),
(909, 'Sara Martinez', 34, 'Other', 'Inactive'),
(910, 'Peter Hardy', 38, 'Other', 'Active'),
(911, 'Kimberly Moses', 49, 'Female', 'Active'),
(912, 'Larry Fritz', 29, 'Female', 'Inactive'),
(913, 'Courtney Lopez', 59, 'Female', 'Active'),
(914, 'Megan Woods', 56, 'Other', 'Active'),
(915, 'Benjamin Brown', 31, 'Female', 'Inactive'),
(916, 'Matthew Cole', 21, 'Female', 'Active'),
(917, 'Jose Powell', 50, 'Male', 'Active'),
(918, 'Erin Walker', 45, 'Female', 'Inactive'),
(919, 'Tammy Schneider', 22, 'Other', 'Active'),
(920, 'Cheryl Singh', 56, 'Other', 'Inactive'),
(921, 'Vicki Hicks', 29, 'Male', 'Inactive'),
(922, 'Rachel Spencer', 52, 'Other', 'Active'),
(923, 'Joseph Murillo', 39, 'Male', 'Active'),
(924, 'Eric Collins', 34, 'Other', 'Inactive'),
(925, 'Richard Martin', 38, 'Male', 'Active'),
(926, 'John Thompson', 48, 'Male', 'Inactive'),
(927, 'Laura Stewart', 55, 'Female', 'Inactive'),
(928, 'Jason Reed', 23, 'Male', 'Inactive'),
(929, 'Christopher Taylor', 62, 'Female', 'Active'),
(930, 'Nathaniel Castillo DDS', 45, 'Other', 'Inactive'),
(931, 'Stephanie Rodriguez', 22, 'Other', 'Active'),
(932, 'Ronald Miller', 20, 'Male', 'Active'),
(933, 'Kristin Cole', 50, 'Male', 'Inactive'),
(934, 'Jeanette Mcbride', 37, 'Male', 'Active'),
(935, 'Christopher Krause', 30, 'Male', 'Active'),
(936, 'Ryan Vazquez', 62, 'Female', 'Active'),
(937, 'Justin Turner', 65, 'Other', 'Active'),
(938, 'Gary Mitchell', 52, 'Female', 'Inactive'),
(939, 'Andrea Odom', 60, 'Female', 'Inactive'),
(940, 'Joshua Murphy', 57, 'Female', 'Active'),
(941, 'Raymond Smith', 49, 'Male', 'Active'),
(942, 'Elizabeth Middleton', 38, 'Other', 'Inactive'),
(943, 'Logan Peterson', 60, 'Other', 'Active'),
(944, 'Tina Ramos', 35, 'Male', 'Active'),
(945, 'Mary Armstrong', 29, 'Female', 'Active'),
(946, 'Joel Tyler', 49, 'Male', 'Inactive'),
(947, 'Alex Walker', 23, 'Male', 'Inactive'),
(948, 'Laura White', 60, 'Other', 'Inactive'),
(949, 'Kevin Bates', 62, 'Other', 'Active'),
(950, 'Dustin Carrillo', 52, 'Other', 'Inactive'),
(951, 'Glenn Alexander', 44, 'Male', 'Inactive'),
(952, 'Kevin Pearson', 43, 'Female', 'Active'),
(953, 'Carmen Hurley', 20, 'Male', 'Active'),
(954, 'Ruth Osborne', 53, 'Male', 'Active'),
(955, 'Gregory James', 42, 'Other', 'Inactive'),
(956, 'Erin Kelley', 49, 'Other', 'Inactive'),
(957, 'Debra Knox', 54, 'Other', 'Active'),
(958, 'Stacy Rogers', 34, 'Other', 'Active'),
(959, 'Morgan Coleman', 51, 'Female', 'Inactive'),
(960, 'Alex Stuart', 63, 'Other', 'Active'),
(961, 'Charlene Nelson', 63, 'Other', 'Inactive'),
(962, 'Paula Moreno', 21, 'Female', 'Active'),
(963, 'Matthew Rowe', 65, 'Female', 'Active'),
(964, 'John Jordan', 35, 'Male', 'Active'),
(965, 'April Parsons', 46, 'Other', 'Inactive'),
(966, 'Edgar Herrera MD', 65, 'Female', 'Active'),
(967, 'Andres Barnett', 50, 'Female', 'Active'),
(968, 'Elizabeth Miles', 25, 'Other', 'Inactive'),
(969, 'Nicholas Edwards', 65, 'Other', 'Active'),
(970, 'Michael Mejia', 53, 'Male', 'Inactive'),
(971, 'Michael Reed', 50, 'Male', 'Inactive'),
(972, 'Kelsey Fischer', 22, 'Male', 'Inactive'),
(973, 'James Mendoza', 23, 'Other', 'Inactive'),
(974, 'Catherine Kelley', 18, 'Other', 'Inactive'),
(975, 'Brett Myers', 37, 'Male', 'Inactive'),
(976, 'Bryce Anderson', 52, 'Female', 'Active'),
(977, 'Kimberly Ross', 19, 'Male', 'Active'),
(978, 'Larry Johnson', 24, 'Other', 'Inactive'),
(979, 'Michael Lee', 18, 'Female', 'Inactive'),
(980, 'Crystal Espinoza', 55, 'Female', 'Active'),
(981, 'Jeffrey Johnson', 28, 'Male', 'Inactive'),
(982, 'Emily Anderson', 31, 'Female', 'Active'),
(983, 'Stephen Ponce', 46, 'Other', 'Active'),
(984, 'David Moody', 43, 'Male', 'Inactive'),
(985, 'Jeffrey Hall', 41, 'Other', 'Inactive'),
(986, 'Regina Ferguson', 62, 'Other', 'Inactive'),
(987, 'Melissa Bradley', 39, 'Female', 'Active'),
(988, 'Danielle Brown', 31, 'Female', 'Active'),
(989, 'Hannah Hickman', 36, 'Female', 'Active'),
(990, 'Shannon Meyer', 18, 'Other', 'Active'),
(991, 'Amy Johnston', 53, 'Female', 'Active'),
(992, 'William Schultz', 23, 'Other', 'Inactive'),
(993, 'Ashley Daniels', 25, 'Other', 'Inactive'),
(994, 'Brandon Bruce', 31, 'Female', 'Inactive'),
(995, 'Rachel Phillips', 22, 'Male', 'Inactive'),
(996, 'Pamela Reeves', 49, 'Female', 'Active'),
(997, 'Todd Johnson', 29, 'Female', 'Inactive'),
(998, 'Michael Sanchez', 18, 'Male', 'Active'),
(999, 'Ashley Taylor', 51, 'Female', 'Inactive'),
(1000, 'Shawn Scott', 45, 'Male', 'Active');

-- --------------------------------------------------------

--
-- Table structure for table `dimlocation`
--

CREATE TABLE `dimlocation` (
  `LocationID` int NOT NULL,
  `LocationName` varchar(50) DEFAULT NULL,
  `Session` varchar(20) DEFAULT NULL
) ENGINE=InnoDB DEFAULT CHARSET=utf8mb4 COLLATE=utf8mb4_0900_ai_ci;

--
-- Dumping data for table `dimlocation`
--

INSERT INTO `dimlocation` (`LocationID`, `LocationName`, `Session`) VALUES
(1, 'New York', 'Night'),
(2, 'Los Angeles', 'Evening'),
(3, 'New York', 'Morning'),
(4, 'Los Angeles', 'Evening'),
(5, 'New York', 'Evening'),
(6, 'Chicago', 'Evening'),
(7, 'New York', 'Night'),
(8, 'Chicago', 'Evening'),
(9, 'New York', 'Night'),
(10, 'Los Angeles', 'Morning'),
(11, 'Chicago', 'Night'),
(12, 'Los Angeles', 'Night'),
(13, 'Chicago', 'Morning'),
(14, 'Los Angeles', 'Evening'),
(15, 'New York', 'Morning'),
(16, 'Chicago', 'Night'),
(17, 'Los Angeles', 'Evening'),
(18, 'Chicago', 'Night'),
(19, 'New York', 'Night'),
(20, 'Los Angeles', 'Evening'),
(21, 'New York', 'Morning'),
(22, 'Chicago', 'Night'),
(23, 'Los Angeles', 'Morning'),
(24, 'Chicago', 'Morning'),
(25, 'New York', 'Night'),
(26, 'Los Angeles', 'Morning'),
(27, 'Chicago', 'Evening'),
(28, 'Los Angeles', 'Night'),
(29, 'Chicago', 'Night'),
(30, 'Los Angeles', 'Evening'),
(31, 'New York', 'Night'),
(32, 'Los Angeles', 'Night'),
(33, 'New York', 'Morning'),
(34, 'Los Angeles', 'Night'),
(35, 'Chicago', 'Morning'),
(36, 'Los Angeles', 'Morning'),
(37, 'Chicago', 'Night'),
(38, 'Los Angeles', 'Night'),
(39, 'Chicago', 'Night'),
(40, 'Los Angeles', 'Night'),
(41, 'New York', 'Night'),
(42, 'Los Angeles', 'Night'),
(43, 'New York', 'Evening'),
(44, 'Chicago', 'Morning'),
(45, 'Los Angeles', 'Night'),
(46, 'Chicago', 'Night'),
(47, 'Los Angeles', 'Night'),
(48, 'Chicago', 'Evening'),
(49, 'Los Angeles', 'Morning'),
(50, 'Chicago', 'Evening'),
(51, 'Los Angeles', 'Night'),
(52, 'Chicago', 'Evening'),
(53, 'New York', 'Morning'),
(54, 'Chicago', 'Night'),
(55, 'New York', 'Evening'),
(56, 'Los Angeles', 'Morning'),
(57, 'Chicago', 'Evening'),
(58, 'Los Angeles', 'Evening'),
(59, 'Chicago', 'Evening'),
(60, 'Los Angeles', 'Evening'),
(61, 'Chicago', 'Morning'),
(62, 'Los Angeles', 'Evening'),
(63, 'Chicago', 'Night'),
(64, 'Los Angeles', 'Evening'),
(65, 'New York', 'Morning'),
(66, 'Chicago', 'Night'),
(67, 'Los Angeles', 'Night'),
(68, 'New York', 'Night'),
(69, 'Chicago', 'Evening'),
(70, 'Los Angeles', 'Morning'),
(71, 'Chicago', 'Morning'),
(72, 'New York', 'Morning'),
(73, 'Los Angeles', 'Night'),
(74, 'Chicago', 'Evening'),
(75, 'Los Angeles', 'Evening'),
(76, 'Chicago', 'Morning'),
(77, 'Los Angeles', 'Night'),
(78, 'New York', 'Morning'),
(79, 'Los Angeles', 'Night'),
(80, 'New York', 'Evening'),
(81, 'Los Angeles', 'Evening'),
(82, 'Chicago', 'Morning'),
(83, 'Los Angeles', 'Night'),
(84, 'New York', 'Morning'),
(85, 'Los Angeles', 'Morning'),
(86, 'New York', 'Morning'),
(87, 'Chicago', 'Night'),
(88, 'Los Angeles', 'Morning'),
(89, 'New York', 'Evening'),
(90, 'Chicago', 'Evening'),
(91, 'New York', 'Morning'),
(92, 'Los Angeles', 'Night'),
(93, 'New York', 'Morning'),
(94, 'Los Angeles', 'Morning'),
(95, 'New York', 'Evening'),
(96, 'Los Angeles', 'Evening'),
(97, 'Chicago', 'Evening'),
(98, 'New York', 'Evening'),
(99, 'Chicago', 'Evening'),
(100, 'Los Angeles', 'Morning'),
(101, 'Chicago', 'Morning'),
(102, 'Los Angeles', 'Morning'),
(103, 'New York', 'Evening'),
(104, 'Chicago', 'Morning'),
(105, 'New York', 'Evening'),
(106, 'Chicago', 'Morning'),
(107, 'New York', 'Evening'),
(108, 'Chicago', 'Morning'),
(109, 'New York', 'Evening'),
(110, 'Chicago', 'Night'),
(111, 'New York', 'Morning'),
(112, 'Chicago', 'Night'),
(113, 'New York', 'Night'),
(114, 'Los Angeles', 'Night'),
(115, 'Chicago', 'Night'),
(116, 'New York', 'Morning'),
(117, 'Chicago', 'Night'),
(118, 'New York', 'Morning'),
(119, 'Chicago', 'Evening'),
(120, 'New York', 'Night'),
(121, 'Los Angeles', 'Evening'),
(122, 'Chicago', 'Morning'),
(123, 'Los Angeles', 'Night'),
(124, 'Chicago', 'Evening'),
(125, 'New York', 'Evening'),
(126, 'Los Angeles', 'Night'),
(127, 'New York', 'Night'),
(128, 'Los Angeles', 'Night'),
(129, 'New York', 'Evening'),
(130, 'Los Angeles', 'Evening'),
(131, 'New York', 'Evening'),
(132, 'Los Angeles', 'Night'),
(133, 'New York', 'Evening'),
(134, 'Chicago', 'Night'),
(135, 'Los Angeles', 'Evening'),
(136, 'New York', 'Evening'),
(137, 'Los Angeles', 'Night'),
(138, 'New York', 'Evening'),
(139, 'Chicago', 'Evening'),
(140, 'Los Angeles', 'Morning'),
(141, 'New York', 'Morning'),
(142, 'Los Angeles', 'Morning'),
(143, 'New York', 'Morning'),
(144, 'Los Angeles', 'Evening'),
(145, 'New York', 'Morning'),
(146, 'Chicago', 'Morning'),
(147, 'New York', 'Night'),
(148, 'Chicago', 'Morning'),
(149, 'Los Angeles', 'Morning'),
(150, 'New York', 'Evening'),
(151, 'Los Angeles', 'Night'),
(152, 'New York', 'Evening'),
(153, 'Los Angeles', 'Morning'),
(154, 'New York', 'Evening'),
(155, 'Los Angeles', 'Morning'),
(156, 'Chicago', 'Morning'),
(157, 'Los Angeles', 'Morning'),
(158, 'New York', 'Evening'),
(159, 'Chicago', 'Morning'),
(160, 'Los Angeles', 'Night'),
(161, 'New York', 'Night'),
(162, 'Chicago', 'Morning'),
(163, 'Los Angeles', 'Morning'),
(164, 'New York', 'Morning'),
(165, 'Chicago', 'Evening'),
(166, 'New York', 'Evening'),
(167, 'Chicago', 'Night'),
(168, 'New York', 'Morning'),
(169, 'Chicago', 'Morning'),
(170, 'Los Angeles', 'Morning'),
(171, 'New York', 'Morning'),
(172, 'Chicago', 'Evening'),
(173, 'Los Angeles', 'Morning'),
(174, 'New York', 'Night'),
(175, 'Los Angeles', 'Night'),
(176, 'New York', 'Evening'),
(177, 'Los Angeles', 'Night'),
(178, 'New York', 'Night'),
(179, 'Los Angeles', 'Morning'),
(180, 'New York', 'Evening'),
(181, 'Chicago', 'Night'),
(182, 'Los Angeles', 'Morning'),
(183, 'New York', 'Evening'),
(184, 'Chicago', 'Morning'),
(185, 'New York', 'Morning'),
(186, 'Los Angeles', 'Night'),
(187, 'Chicago', 'Morning'),
(188, 'Los Angeles', 'Morning'),
(189, 'Chicago', 'Morning'),
(190, 'Los Angeles', 'Morning'),
(191, 'New York', 'Night'),
(192, 'Chicago', 'Night'),
(193, 'New York', 'Morning'),
(194, 'Los Angeles', 'Morning'),
(195, 'Chicago', 'Night'),
(196, 'New York', 'Evening'),
(197, 'Los Angeles', 'Night'),
(198, 'New York', 'Night'),
(199, 'Chicago', 'Night'),
(200, 'New York', 'Evening'),
(201, 'Chicago', 'Evening'),
(202, 'New York', 'Evening'),
(203, 'Los Angeles', 'Morning'),
(204, 'New York', 'Night'),
(205, 'Los Angeles', 'Morning'),
(206, 'Chicago', 'Night'),
(207, 'Los Angeles', 'Night'),
(208, 'New York', 'Night'),
(209, 'Los Angeles', 'Night'),
(210, 'New York', 'Evening'),
(211, 'Los Angeles', 'Night'),
(212, 'Chicago', 'Evening'),
(213, 'Los Angeles', 'Night'),
(214, 'Chicago', 'Night'),
(215, 'New York', 'Morning'),
(216, 'Los Angeles', 'Morning'),
(217, 'New York', 'Evening'),
(218, 'Chicago', 'Morning'),
(219, 'Los Angeles', 'Morning'),
(220, 'New York', 'Evening'),
(221, 'Los Angeles', 'Night'),
(222, 'Chicago', 'Morning'),
(223, 'New York', 'Morning'),
(224, 'Chicago', 'Evening'),
(225, 'New York', 'Night'),
(226, 'Los Angeles', 'Morning'),
(227, 'New York', 'Night'),
(228, 'Chicago', 'Night'),
(229, 'Los Angeles', 'Night'),
(230, 'Chicago', 'Morning'),
(231, 'New York', 'Night'),
(232, 'Chicago', 'Morning'),
(233, 'New York', 'Night'),
(234, 'Chicago', 'Morning'),
(235, 'Los Angeles', 'Night'),
(236, 'Chicago', 'Evening'),
(237, 'Los Angeles', 'Morning'),
(238, 'New York', 'Morning'),
(239, 'Los Angeles', 'Night'),
(240, 'Chicago', 'Morning'),
(241, 'Los Angeles', 'Evening'),
(242, 'New York', 'Evening'),
(243, 'Chicago', 'Night'),
(244, 'New York', 'Night'),
(245, 'Los Angeles', 'Night'),
(246, 'Chicago', 'Morning'),
(247, 'Los Angeles', 'Morning'),
(248, 'New York', 'Night'),
(249, 'Chicago', 'Morning'),
(250, 'New York', 'Night'),
(251, 'Chicago', 'Evening'),
(252, 'Los Angeles', 'Evening'),
(253, 'New York', 'Morning'),
(254, 'Chicago', 'Evening'),
(255, 'New York', 'Evening'),
(256, 'Chicago', 'Night'),
(257, 'New York', 'Morning'),
(258, 'Los Angeles', 'Evening'),
(259, 'New York', 'Morning'),
(260, 'Los Angeles', 'Evening'),
(261, 'New York', 'Evening'),
(262, 'Chicago', 'Morning'),
(263, 'Los Angeles', 'Evening'),
(264, 'New York', 'Night'),
(265, 'Chicago', 'Morning'),
(266, 'New York', 'Morning'),
(267, 'Los Angeles', 'Morning'),
(268, 'New York', 'Morning'),
(269, 'Chicago', 'Evening'),
(270, 'Los Angeles', 'Night'),
(271, 'Chicago', 'Morning'),
(272, 'Los Angeles', 'Night'),
(273, 'New York', 'Night'),
(274, 'Chicago', 'Morning'),
(275, 'New York', 'Night'),
(276, 'Chicago', 'Evening'),
(277, 'Los Angeles', 'Night'),
(278, 'Chicago', 'Evening'),
(279, 'Los Angeles', 'Evening'),
(280, 'Chicago', 'Morning'),
(281, 'Los Angeles', 'Morning'),
(282, 'Chicago', 'Evening'),
(283, 'New York', 'Evening'),
(284, 'Chicago', 'Evening'),
(285, 'Los Angeles', 'Evening'),
(286, 'New York', 'Evening'),
(287, 'Los Angeles', 'Night'),
(288, 'Chicago', 'Evening'),
(289, 'Los Angeles', 'Morning'),
(290, 'New York', 'Morning'),
(291, 'Los Angeles', 'Morning'),
(292, 'New York', 'Evening'),
(293, 'Los Angeles', 'Morning'),
(294, 'Chicago', 'Morning'),
(295, 'Los Angeles', 'Night'),
(296, 'New York', 'Morning'),
(297, 'Los Angeles', 'Evening'),
(298, 'New York', 'Evening'),
(299, 'Chicago', 'Evening'),
(300, 'New York', 'Morning'),
(301, 'Chicago', 'Evening'),
(302, 'Los Angeles', 'Morning'),
(303, 'Chicago', 'Night'),
(304, 'Los Angeles', 'Evening'),
(305, 'New York', 'Morning'),
(306, 'Chicago', 'Evening'),
(307, 'Los Angeles', 'Evening'),
(308, 'Chicago', 'Evening'),
(309, 'Los Angeles', 'Evening'),
(310, 'Chicago', 'Night'),
(311, 'New York', 'Evening'),
(312, 'Chicago', 'Morning'),
(313, 'New York', 'Night'),
(314, 'Chicago', 'Night'),
(315, 'Los Angeles', 'Morning'),
(316, 'Chicago', 'Night'),
(317, 'Los Angeles', 'Morning'),
(318, 'New York', 'Evening'),
(319, 'Chicago', 'Morning'),
(320, 'New York', 'Morning'),
(321, 'Chicago', 'Night'),
(322, 'Los Angeles', 'Evening'),
(323, 'Chicago', 'Evening'),
(324, 'Los Angeles', 'Morning'),
(325, 'Chicago', 'Night'),
(326, 'New York', 'Morning'),
(327, 'Chicago', 'Evening'),
(328, 'Los Angeles', 'Morning'),
(329, 'Chicago', 'Night'),
(330, 'New York', 'Night'),
(331, 'Chicago', 'Morning'),
(332, 'New York', 'Night'),
(333, 'Los Angeles', 'Evening'),
(334, 'Chicago', 'Night'),
(335, 'Los Angeles', 'Evening'),
(336, 'Chicago', 'Morning'),
(337, 'Los Angeles', 'Night'),
(338, 'New York', 'Morning'),
(339, 'Chicago', 'Night'),
(340, 'Los Angeles', 'Evening'),
(341, 'Chicago', 'Night'),
(342, 'New York', 'Evening'),
(343, 'Los Angeles', 'Evening'),
(344, 'Chicago', 'Night'),
(345, 'Los Angeles', 'Evening'),
(346, 'New York', 'Night'),
(347, 'Chicago', 'Morning'),
(348, 'New York', 'Evening'),
(349, 'Chicago', 'Evening'),
(350, 'New York', 'Evening'),
(351, 'Chicago', 'Night'),
(352, 'New York', 'Night'),
(353, 'Los Angeles', 'Morning'),
(354, 'Chicago', 'Evening'),
(355, 'Los Angeles', 'Night'),
(356, 'Chicago', 'Evening'),
(357, 'Los Angeles', 'Morning'),
(358, 'New York', 'Night'),
(359, 'Chicago', 'Morning'),
(360, 'Los Angeles', 'Evening'),
(361, 'New York', 'Night'),
(362, 'Los Angeles', 'Morning'),
(363, 'Chicago', 'Morning'),
(364, 'New York', 'Evening'),
(365, 'Chicago', 'Evening'),
(366, 'Los Angeles', 'Evening'),
(367, 'Chicago', 'Night'),
(368, 'Los Angeles', 'Night'),
(369, 'New York', 'Night'),
(370, 'Chicago', 'Evening'),
(371, 'Los Angeles', 'Evening'),
(372, 'New York', 'Evening'),
(373, 'Chicago', 'Morning'),
(374, 'New York', 'Night'),
(375, 'Los Angeles', 'Morning'),
(376, 'Chicago', 'Night'),
(377, 'Los Angeles', 'Morning'),
(378, 'New York', 'Morning'),
(379, 'Los Angeles', 'Evening'),
(380, 'New York', 'Morning'),
(381, 'Chicago', 'Morning'),
(382, 'New York', 'Night'),
(383, 'Chicago', 'Night'),
(384, 'New York', 'Night'),
(385, 'Los Angeles', 'Night'),
(386, 'New York', 'Evening'),
(387, 'Los Angeles', 'Evening'),
(388, 'Chicago', 'Evening'),
(389, 'New York', 'Night'),
(390, 'Chicago', 'Morning'),
(391, 'New York', 'Evening'),
(392, 'Chicago', 'Night'),
(393, 'New York', 'Evening'),
(394, 'Los Angeles', 'Night'),
(395, 'New York', 'Evening'),
(396, 'Los Angeles', 'Morning'),
(397, 'New York', 'Evening'),
(398, 'Los Angeles', 'Night'),
(399, 'Chicago', 'Evening'),
(400, 'Los Angeles', 'Morning'),
(401, 'Chicago', 'Evening'),
(402, 'Los Angeles', 'Evening'),
(403, 'New York', 'Morning'),
(404, 'Chicago', 'Night'),
(405, 'New York', 'Morning'),
(406, 'Chicago', 'Morning'),
(407, 'Los Angeles', 'Evening'),
(408, 'New York', 'Morning'),
(409, 'Chicago', 'Night'),
(410, 'New York', 'Night'),
(411, 'Chicago', 'Night'),
(412, 'New York', 'Night'),
(413, 'Chicago', 'Morning'),
(414, 'New York', 'Evening'),
(415, 'Los Angeles', 'Morning'),
(416, 'New York', 'Night'),
(417, 'Los Angeles', 'Evening'),
(418, 'Chicago', 'Morning'),
(419, 'New York', 'Evening'),
(420, 'Chicago', 'Evening'),
(421, 'New York', 'Morning'),
(422, 'Los Angeles', 'Evening'),
(423, 'New York', 'Morning'),
(424, 'Los Angeles', 'Morning'),
(425, 'New York', 'Evening'),
(426, 'Los Angeles', 'Evening'),
(427, 'Chicago', 'Evening'),
(428, 'Los Angeles', 'Night'),
(429, 'Chicago', 'Night'),
(430, 'Los Angeles', 'Night'),
(431, 'Chicago', 'Morning'),
(432, 'Los Angeles', 'Evening'),
(433, 'New York', 'Morning'),
(434, 'Chicago', 'Morning'),
(435, 'Los Angeles', 'Evening'),
(436, 'Chicago', 'Night'),
(437, 'New York', 'Morning'),
(438, 'Chicago', 'Night'),
(439, 'New York', 'Morning'),
(440, 'Chicago', 'Evening'),
(441, 'New York', 'Night'),
(442, 'Chicago', 'Night'),
(443, 'New York', 'Evening'),
(444, 'Chicago', 'Morning'),
(445, 'New York', 'Night'),
(446, 'Chicago', 'Morning'),
(447, 'Los Angeles', 'Night'),
(448, 'New York', 'Morning'),
(449, 'Chicago', 'Morning'),
(450, 'Los Angeles', 'Night'),
(451, 'New York', 'Evening'),
(452, 'Chicago', 'Evening'),
(453, 'New York', 'Morning'),
(454, 'Chicago', 'Morning'),
(455, 'New York', 'Night'),
(456, 'Chicago', 'Night'),
(457, 'New York', 'Evening'),
(458, 'Los Angeles', 'Morning'),
(459, 'Chicago', 'Evening'),
(460, 'New York', 'Evening'),
(461, 'Chicago', 'Night'),
(462, 'New York', 'Evening'),
(463, 'Los Angeles', 'Evening'),
(464, 'Chicago', 'Morning'),
(465, 'Los Angeles', 'Evening'),
(466, 'Chicago', 'Night'),
(467, 'New York', 'Evening'),
(468, 'Los Angeles', 'Night'),
(469, 'Chicago', 'Night'),
(470, 'Los Angeles', 'Morning'),
(471, 'New York', 'Morning'),
(472, 'Chicago', 'Night'),
(473, 'New York', 'Night'),
(474, 'Los Angeles', 'Morning'),
(475, 'Chicago', 'Evening'),
(476, 'New York', 'Morning'),
(477, 'Chicago', 'Evening'),
(478, 'New York', 'Morning'),
(479, 'Chicago', 'Night'),
(480, 'Los Angeles', 'Morning'),
(481, 'New York', 'Evening'),
(482, 'Los Angeles', 'Evening'),
(483, 'Chicago', 'Evening'),
(484, 'Los Angeles', 'Night'),
(485, 'Chicago', 'Evening'),
(486, 'Los Angeles', 'Night'),
(487, 'New York', 'Morning'),
(488, 'Chicago', 'Morning'),
(489, 'Los Angeles', 'Morning'),
(490, 'Chicago', 'Morning'),
(491, 'Los Angeles', 'Morning'),
(492, 'New York', 'Morning'),
(493, 'Chicago', 'Night'),
(494, 'New York', 'Night'),
(495, 'Los Angeles', 'Night'),
(496, 'New York', 'Night'),
(497, 'Chicago', 'Morning'),
(498, 'New York', 'Evening'),
(499, 'Los Angeles', 'Evening'),
(500, 'Chicago', 'Night'),
(501, 'Los Angeles', 'Morning'),
(502, 'New York', 'Night'),
(503, 'Chicago', 'Morning'),
(504, 'New York', 'Morning'),
(505, 'Chicago', 'Morning'),
(506, 'Los Angeles', 'Morning'),
(507, 'New York', 'Night'),
(508, 'Los Angeles', 'Morning'),
(509, 'Chicago', 'Night'),
(510, 'Los Angeles', 'Morning'),
(511, 'Chicago', 'Night'),
(512, 'Los Angeles', 'Evening'),
(513, 'New York', 'Night'),
(514, 'Chicago', 'Night'),
(515, 'New York', 'Evening'),
(516, 'Los Angeles', 'Evening'),
(517, 'Chicago', 'Night'),
(518, 'New York', 'Morning'),
(519, 'Chicago', 'Morning'),
(520, 'Los Angeles', 'Evening'),
(521, 'Chicago', 'Morning'),
(522, 'New York', 'Evening'),
(523, 'Chicago', 'Morning'),
(524, 'Los Angeles', 'Evening'),
(525, 'Chicago', 'Evening'),
(526, 'New York', 'Night'),
(527, 'Chicago', 'Evening'),
(528, 'Los Angeles', 'Evening'),
(529, 'Chicago', 'Evening'),
(530, 'Los Angeles', 'Night'),
(531, 'New York', 'Morning'),
(532, 'Chicago', 'Morning'),
(533, 'New York', 'Morning'),
(534, 'Los Angeles', 'Night'),
(535, 'New York', 'Evening'),
(536, 'Chicago', 'Night'),
(537, 'Los Angeles', 'Morning'),
(538, 'Chicago', 'Morning'),
(539, 'New York', 'Night'),
(540, 'Chicago', 'Evening'),
(541, 'Los Angeles', 'Evening'),
(542, 'New York', 'Evening'),
(543, 'Chicago', 'Evening'),
(544, 'Los Angeles', 'Evening'),
(545, 'New York', 'Night'),
(546, 'Chicago', 'Night'),
(547, 'New York', 'Night'),
(548, 'Chicago', 'Night'),
(549, 'New York', 'Night'),
(550, 'Chicago', 'Night'),
(551, 'New York', 'Morning'),
(552, 'Chicago', 'Morning'),
(553, 'Los Angeles', 'Evening'),
(554, 'Chicago', 'Night'),
(555, 'Los Angeles', 'Evening'),
(556, 'Chicago', 'Night'),
(557, 'New York', 'Night'),
(558, 'Los Angeles', 'Morning'),
(559, 'New York', 'Evening'),
(560, 'Chicago', 'Evening'),
(561, 'New York', 'Evening'),
(562, 'Chicago', 'Night'),
(563, 'New York', 'Night'),
(564, 'Los Angeles', 'Night'),
(565, 'New York', 'Night'),
(566, 'Los Angeles', 'Morning'),
(567, 'New York', 'Evening'),
(568, 'Los Angeles', 'Evening'),
(569, 'New York', 'Morning'),
(570, 'Los Angeles', 'Evening'),
(571, 'Chicago', 'Night'),
(572, 'Los Angeles', 'Night'),
(573, 'New York', 'Evening'),
(574, 'Los Angeles', 'Morning'),
(575, 'Chicago', 'Evening'),
(576, 'Los Angeles', 'Evening'),
(577, 'Chicago', 'Night'),
(578, 'New York', 'Evening'),
(579, 'Chicago', 'Morning'),
(580, 'Los Angeles', 'Night'),
(581, 'New York', 'Evening'),
(582, 'Chicago', 'Morning'),
(583, 'Los Angeles', 'Evening'),
(584, 'Chicago', 'Evening'),
(585, 'New York', 'Evening'),
(586, 'Los Angeles', 'Night'),
(587, 'New York', 'Morning'),
(588, 'Chicago', 'Night'),
(589, 'Los Angeles', 'Evening'),
(590, 'Chicago', 'Night'),
(591, 'New York', 'Morning'),
(592, 'Los Angeles', 'Night'),
(593, 'Chicago', 'Night'),
(594, 'Los Angeles', 'Night'),
(595, 'New York', 'Morning'),
(596, 'Chicago', 'Evening'),
(597, 'Los Angeles', 'Morning'),
(598, 'New York', 'Morning'),
(599, 'Chicago', 'Morning'),
(600, 'Los Angeles', 'Evening'),
(601, 'Chicago', 'Evening'),
(602, 'New York', 'Evening'),
(603, 'Chicago', 'Morning'),
(604, 'Los Angeles', 'Evening'),
(605, 'Chicago', 'Evening'),
(606, 'New York', 'Night'),
(607, 'Chicago', 'Night'),
(608, 'Los Angeles', 'Evening'),
(609, 'Chicago', 'Morning'),
(610, 'Los Angeles', 'Night'),
(611, 'Chicago', 'Morning'),
(612, 'Los Angeles', 'Evening'),
(613, 'Chicago', 'Evening'),
(614, 'Los Angeles', 'Evening'),
(615, 'Chicago', 'Night'),
(616, 'New York', 'Morning'),
(617, 'Chicago', 'Night'),
(618, 'Los Angeles', 'Night'),
(619, 'New York', 'Night'),
(620, 'Los Angeles', 'Night'),
(621, 'New York', 'Evening'),
(622, 'Chicago', 'Morning'),
(623, 'New York', 'Night'),
(624, 'Los Angeles', 'Morning'),
(625, 'New York', 'Evening'),
(626, 'Chicago', 'Night'),
(627, 'Los Angeles', 'Evening'),
(628, 'New York', 'Morning'),
(629, 'Los Angeles', 'Evening'),
(630, 'New York', 'Night'),
(631, 'Los Angeles', 'Morning'),
(632, 'New York', 'Night'),
(633, 'Los Angeles', 'Evening'),
(634, 'Chicago', 'Evening'),
(635, 'Los Angeles', 'Morning'),
(636, 'Chicago', 'Night'),
(637, 'Los Angeles', 'Night'),
(638, 'New York', 'Evening'),
(639, 'Chicago', 'Night'),
(640, 'New York', 'Evening'),
(641, 'Chicago', 'Night'),
(642, 'New York', 'Evening'),
(643, 'Chicago', 'Night'),
(644, 'Los Angeles', 'Evening'),
(645, 'Chicago', 'Evening'),
(646, 'Los Angeles', 'Evening'),
(647, 'Chicago', 'Evening'),
(648, 'New York', 'Night'),
(649, 'Chicago', 'Night'),
(650, 'New York', 'Morning'),
(651, 'Chicago', 'Evening'),
(652, 'Los Angeles', 'Night'),
(653, 'New York', 'Night'),
(654, 'Los Angeles', 'Evening'),
(655, 'Chicago', 'Night'),
(656, 'New York', 'Evening'),
(657, 'Chicago', 'Evening'),
(658, 'Los Angeles', 'Night'),
(659, 'New York', 'Morning'),
(660, 'Chicago', 'Morning'),
(661, 'New York', 'Night'),
(662, 'Chicago', 'Night'),
(663, 'Los Angeles', 'Evening'),
(664, 'New York', 'Morning'),
(665, 'Chicago', 'Night'),
(666, 'Los Angeles', 'Evening'),
(667, 'New York', 'Morning'),
(668, 'Los Angeles', 'Evening'),
(669, 'New York', 'Morning');

-- --------------------------------------------------------

--
-- Table structure for table `factemployeeperformance`
--

CREATE TABLE `factemployeeperformance` (
  `EmployeeID` int DEFAULT NULL,
  `DepartmentID` int DEFAULT NULL,
  `DateID` int DEFAULT NULL,
  `LocationID` int DEFAULT NULL,
  `Salary` int DEFAULT NULL,
  `Experience` int DEFAULT NULL,
  `PerformanceScore` float DEFAULT NULL
) ENGINE=InnoDB DEFAULT CHARSET=utf8mb4 COLLATE=utf8mb4_0900_ai_ci;

--
-- Dumping data for table `factemployeeperformance`
--

INSERT INTO `factemployeeperformance` (`EmployeeID`, `DepartmentID`, `DateID`, `LocationID`, `Salary`, `Experience`, `PerformanceScore`) VALUES
(1, 676, 1, 661, 5641, 16, 2),
(2, 678, 2, 668, 4249, 11, 2),
(3, 678, 3, 669, 3058, 1, NULL),
(4, 679, 4, 668, 5895, 13, 2),
(5, 679, 5, 656, 4317, 16, 5),
(6, 676, 327, 657, 2591, 6, 1),
(7, 678, 7, 661, 6826, 4, NULL),
(8, 676, 373, 657, 6285, 8, NULL),
(9, 678, 9, 661, 9862, 3, NULL),
(10, 679, 10, 635, 8202, 9, 1),
(11, 678, 11, 668, 5336, 7, 3),
(12, 676, 12, 665, 6908, 19, 4),
(13, 679, 885, 665, 5688, 4, NULL),
(14, 679, 14, 658, 5593, 2, NULL),
(15, 678, 803, 668, 8568, 20, NULL),
(16, 676, 16, 660, 5386, 2, NULL),
(17, 676, 17, 668, 6586, 7, 3),
(18, 676, 18, 669, 3519, 6, 4),
(19, 676, 19, 665, 9061, 16, 5),
(20, 676, 20, 668, 7251, 10, NULL),
(21, 678, 59, 665, 4565, 9, NULL),
(22, 676, 399, 665, 4071, 9, 2),
(23, 678, 23, 661, 9598, 4, 4),
(24, 676, 24, 668, 5386, 3, NULL),
(25, 676, 369, 669, 9275, 12, 4),
(26, 676, 26, 656, 6120, 7, 5),
(27, 679, 27, 665, 4899, 8, 5),
(28, 676, 28, 635, 4608, 18, NULL),
(29, 679, 29, 660, 9190, 12, NULL),
(30, 678, 30, 665, 9661, 17, 2),
(31, 679, 31, 661, 4780, 7, 1),
(32, 678, 326, 635, 4270, 20, NULL),
(33, 678, 33, 657, 6547, 10, NULL),
(34, 679, 693, 658, 5207, 4, 1),
(35, 679, 35, 658, 9259, 17, 4),
(36, 679, 440, 668, 9078, 7, 1),
(37, 678, 37, 668, 2364, 15, 1),
(38, 676, 38, 665, 2904, 17, 1),
(39, 678, 39, 668, 8678, 9, 5),
(40, 676, 40, 668, 8870, 17, 4),
(41, 678, 41, 668, 6621, 20, NULL),
(42, 679, 42, 635, 9512, 8, NULL),
(43, 678, 674, 668, 6655, 2, NULL),
(44, 679, 44, 661, 2427, 6, NULL),
(45, 679, 45, 669, 4184, 13, NULL),
(46, 676, 46, 661, 4356, 11, NULL),
(47, 676, 47, 669, 7966, 8, NULL),
(48, 679, 932, 658, 5848, 2, 3),
(49, 678, 49, 669, 2773, 9, 4),
(50, 676, 653, 658, 6253, 14, 4),
(51, 678, 51, 660, 3253, 12, NULL),
(52, 676, 742, 657, 6149, 11, NULL),
(53, 678, 53, 635, 6567, 19, 2),
(54, 678, 54, 665, 5721, 7, 5),
(55, 676, 55, 658, 4533, 16, 4),
(56, 679, 56, 665, 8745, 12, NULL),
(57, 679, 57, 658, 4954, 12, NULL),
(58, 678, 58, 661, 3635, 7, NULL),
(59, 678, 59, 658, 4651, 19, NULL),
(60, 678, 60, 668, 5937, 9, 5),
(61, 678, 61, 656, 8544, 6, NULL),
(62, 678, 62, 660, 2851, 11, 2),
(63, 679, 63, 658, 3933, 6, NULL),
(64, 679, 64, 668, 2585, 1, 2),
(65, 678, 65, 635, 3718, 4, NULL),
(66, 679, 66, 665, 2436, 5, NULL),
(67, 676, 67, 658, 7637, 4, NULL),
(68, 676, 68, 657, 6921, 3, 2),
(69, 676, 69, 665, 7554, 17, NULL),
(70, 679, 70, 635, 2442, 14, NULL),
(71, 678, 71, 657, 2466, 15, NULL),
(72, 678, 72, 657, 3897, 12, 4),
(73, 676, 652, 660, 8386, 14, NULL),
(74, 679, 74, 658, 3767, 3, 3),
(75, 678, 75, 657, 8622, 13, 1),
(76, 679, 76, 669, 8032, 11, 4),
(77, 678, 77, 661, 2025, 5, 1),
(78, 676, 78, 665, 4698, 15, 3),
(79, 676, 79, 657, 5457, 11, NULL),
(80, 679, 80, 656, 5562, 7, NULL),
(81, 676, 81, 635, 2077, 11, NULL),
(82, 676, 82, 658, 4292, 7, 2),
(83, 678, 298, 657, 3111, 3, NULL),
(84, 679, 84, 668, 5470, 8, 3),
(85, 678, 85, 657, 3115, 4, 4),
(86, 679, 86, 668, 9901, 7, 2),
(87, 679, 87, 660, 8629, 9, NULL),
(88, 678, 827, 668, 6839, 4, NULL),
(89, 676, 89, 665, 6828, 10, 1),
(90, 678, 90, 668, 8710, 10, 2),
(91, 676, 905, 669, 3488, 3, 1),
(92, 679, 92, 665, 5271, 7, NULL),
(93, 678, 323, 660, 4897, 4, 1),
(94, 679, 94, 658, 2860, 4, 4),
(95, 678, 95, 661, 3482, 20, 3),
(96, 676, 96, 657, 3427, 8, NULL),
(97, 678, 97, 635, 5432, 14, NULL),
(98, 676, 98, 658, 2378, 20, NULL),
(99, 679, 99, 658, 6768, 2, NULL),
(100, 678, 100, 660, 8076, 9, NULL),
(101, 679, 101, 669, 9538, 3, NULL),
(102, 676, 102, 661, 2912, 3, 2),
(103, 679, 103, 658, 6742, 8, NULL),
(104, 676, 392, 657, 6458, 7, 5),
(105, 676, 105, 665, 2752, 6, 5),
(106, 676, 106, 657, 7371, 13, NULL),
(107, 678, 107, 668, 5133, 11, NULL),
(108, 679, 108, 660, 2578, 16, 5),
(109, 676, 109, 658, 7457, 15, NULL),
(110, 678, 110, 669, 7263, 20, NULL),
(111, 676, 111, 669, 2166, 17, 2),
(112, 678, 500, 658, 2303, 18, 3),
(113, 679, 113, 656, 9812, 13, 3),
(114, 678, 843, 668, 4940, 11, 2),
(115, 679, 115, 660, 3935, 19, 5),
(116, 676, 116, 657, 3233, 6, 5),
(117, 676, 117, 658, 4012, 10, NULL),
(118, 679, 118, 669, 8619, 8, NULL),
(119, 679, 119, 635, 2898, 12, NULL),
(120, 676, 120, 669, 7187, 1, NULL),
(121, 676, 121, 669, 9941, 15, 3),
(122, 679, 122, 665, 5121, 1, NULL),
(123, 679, 985, 635, 7991, 13, NULL),
(124, 678, 124, 656, 5287, 1, 2),
(125, 678, 753, 657, 3754, 8, NULL),
(126, 679, 126, 669, 2358, 14, 3),
(127, 678, 127, 658, 8122, 15, NULL),
(128, 676, 671, 669, 9973, 19, NULL),
(129, 679, 237, 635, 2488, 6, NULL),
(130, 679, 130, 656, 7378, 18, NULL),
(131, 679, 131, 668, 7647, 8, NULL),
(132, 676, 132, 657, 2052, 9, NULL),
(133, 678, 157, 656, 5723, 19, 4),
(134, 678, 134, 657, 3856, 13, NULL),
(135, 678, 135, 660, 3843, 18, 5),
(136, 678, 620, 635, 3128, 6, 2),
(137, 678, 137, 660, 8154, 9, NULL),
(138, 678, 138, 660, 4286, 7, NULL),
(139, 678, 139, 660, 3829, 11, NULL),
(140, 679, 140, 660, 8855, 18, NULL),
(141, 679, 141, 665, 8733, 19, NULL),
(142, 678, 142, 657, 5883, 14, 4),
(143, 678, 143, 635, 3591, 20, 5),
(144, 679, 144, 656, 6368, 2, NULL),
(145, 676, 145, 669, 3003, 19, 1),
(146, 679, 758, 660, 4757, 8, NULL),
(147, 679, 147, 656, 8152, 4, NULL),
(148, 678, 148, 660, 6429, 10, 2),
(149, 679, 809, 656, 3757, 19, NULL),
(150, 678, 150, 656, 8198, 15, 1),
(151, 678, 151, 660, 2364, 5, NULL),
(152, 678, 152, 656, 2621, 16, NULL),
(153, 679, 153, 665, 4451, 1, NULL),
(154, 676, 154, 669, 4056, 17, NULL),
(155, 679, 155, 661, 5746, 5, 5),
(156, 679, 156, 669, 5982, 11, 5),
(157, 676, 157, 661, 4710, 16, 1),
(158, 676, 649, 665, 4527, 14, 3),
(159, 676, 450, 657, 9719, 2, 2),
(160, 676, 923, 661, 6157, 15, NULL),
(161, 679, 161, 656, 8428, 11, 4),
(162, 679, 684, 658, 3284, 15, NULL),
(163, 679, 375, 635, 8958, 17, NULL),
(164, 676, 164, 665, 9021, 11, NULL),
(165, 678, 165, 669, 3479, 13, NULL),
(166, 676, 493, 656, 6194, 19, 1),
(167, 679, 820, 665, 3862, 3, NULL),
(168, 679, 168, 669, 6006, 4, NULL),
(169, 678, 463, 657, 2523, 4, 2),
(170, 678, 170, 661, 6041, 4, 2),
(171, 678, 788, 656, 2913, 6, 2),
(172, 676, 199, 668, 6767, 11, NULL),
(173, 678, 651, 635, 6735, 12, NULL),
(174, 679, 357, 660, 4043, 20, 3),
(175, 678, 175, 658, 8354, 10, NULL),
(176, 678, 893, 668, 5224, 15, NULL),
(177, 678, 177, 658, 6706, 9, 3),
(178, 678, 178, 657, 8899, 17, NULL),
(179, 679, 179, 656, 7885, 2, 2),
(180, 679, 566, 658, 3671, 16, NULL),
(181, 676, 181, 661, 6833, 16, NULL),
(182, 679, 558, 658, 5025, 13, NULL),
(183, 679, 581, 656, 3979, 12, 3),
(184, 678, 184, 656, 8840, 17, NULL),
(185, 678, 185, 668, 8470, 1, 4),
(186, 678, 186, 658, 7894, 11, NULL),
(187, 676, 187, 656, 3064, 11, 4),
(188, 676, 188, 661, 2149, 17, 4),
(189, 679, 189, 656, 3737, 4, NULL),
(190, 676, 190, 658, 7708, 20, NULL),
(191, 679, 191, 656, 9374, 15, NULL),
(192, 679, 192, 661, 3049, 2, 4),
(193, 676, 193, 665, 2776, 1, 2),
(194, 679, 194, 660, 4678, 6, 4),
(195, 676, 195, 668, 3397, 2, 4),
(196, 678, 196, 656, 3386, 1, NULL),
(197, 676, 197, 658, 6539, 2, NULL),
(198, 676, 485, 656, 3175, 9, NULL),
(199, 676, 199, 657, 7908, 2, 1),
(200, 678, 200, 660, 8119, 5, NULL),
(201, 676, 201, 660, 9930, 19, 5),
(202, 676, 290, 635, 3514, 1, NULL),
(203, 679, 498, 669, 6267, 6, 5),
(204, 676, 204, 635, 8416, 8, NULL),
(205, 678, 205, 669, 5703, 10, 2),
(206, 679, 206, 668, 2127, 8, NULL),
(207, 679, 207, 658, 8563, 11, 4),
(208, 679, 208, 658, 7539, 5, NULL),
(209, 678, 217, 669, 2223, 8, NULL),
(210, 676, 210, 660, 3517, 10, 5),
(211, 676, 211, 661, 4603, 12, 2),
(212, 676, 212, 669, 4751, 3, 1),
(213, 679, 213, 669, 6942, 5, 3),
(214, 678, 214, 660, 2489, 3, 5),
(215, 679, 215, 660, 4538, 8, 3),
(216, 678, 216, 635, 9377, 3, NULL),
(217, 678, 217, 656, 8129, 3, NULL),
(218, 679, 484, 658, 7335, 3, 1),
(219, 678, 219, 656, 3663, 3, 3),
(220, 679, 220, 635, 4328, 12, 2),
(221, 676, 221, 635, 7067, 8, NULL),
(222, 678, 222, 656, 6389, 6, NULL),
(223, 679, 223, 669, 7732, 18, NULL),
(224, 679, 224, 635, 3379, 8, NULL),
(225, 679, 715, 658, 3660, 9, NULL),
(226, 679, 226, 658, 9160, 15, NULL),
(227, 676, 524, 635, 8733, 2, NULL),
(228, 679, 237, 660, 8587, 18, 2),
(229, 678, 229, 665, 9139, 1, 5),
(230, 679, 230, 660, 7250, 1, 4),
(231, 676, 231, 635, 4782, 7, 4),
(232, 678, 884, 656, 6975, 14, NULL),
(233, 679, 233, 660, 8718, 18, 1),
(234, 678, 724, 665, 7461, 7, 3),
(235, 678, 235, 658, 7974, 7, NULL),
(236, 679, 236, 661, 4401, 9, 1),
(237, 678, 237, 661, 8607, 3, 5),
(238, 676, 238, 660, 3659, 10, NULL),
(239, 678, 239, 657, 6332, 12, NULL),
(240, 678, 240, 660, 9356, 3, 3),
(241, 679, 480, 657, 2996, 11, NULL),
(242, 676, 830, 665, 9516, 8, 1),
(243, 679, 243, 635, 2847, 11, NULL),
(244, 676, 244, 658, 8181, 14, NULL),
(245, 679, 245, 669, 7725, 10, 4),
(246, 678, 246, 657, 7911, 7, NULL),
(247, 678, 806, 656, 2550, 15, NULL),
(248, 679, 248, 665, 2649, 8, NULL),
(249, 679, 249, 669, 8882, 2, NULL),
(250, 676, 250, 660, 2994, 14, NULL),
(251, 678, 251, 665, 9924, 20, 4),
(252, 679, 252, 635, 3091, 16, 1),
(253, 679, 253, 669, 3063, 4, 1),
(254, 676, 254, 657, 5443, 9, 1),
(255, 676, 255, 635, 9207, 4, 4),
(256, 676, 256, 661, 3081, 5, NULL),
(257, 679, 257, 658, 4084, 7, 3),
(258, 678, 258, 656, 4520, 4, 2),
(259, 676, 259, 669, 4123, 6, 4),
(260, 679, 260, 658, 9624, 19, 1),
(261, 679, 261, 661, 4322, 4, 3),
(262, 679, 262, 635, 7774, 12, NULL),
(263, 679, 263, 668, 3439, 16, NULL),
(264, 678, 264, 635, 9455, 14, 1),
(265, 679, 265, 658, 7692, 19, 1),
(266, 678, 266, 656, 8334, 15, 2),
(267, 679, 435, 669, 5970, 4, 2),
(268, 676, 268, 665, 3504, 14, NULL),
(269, 676, 269, 665, 4107, 14, 3),
(270, 678, 476, 635, 5819, 8, NULL),
(271, 679, 271, 656, 5472, 6, NULL),
(272, 678, 272, 660, 2417, 17, 2),
(273, 679, 528, 665, 8613, 3, NULL),
(274, 676, 274, 669, 4347, 6, 4),
(275, 678, 568, 658, 7287, 9, 1),
(276, 678, 276, 635, 9749, 5, NULL),
(277, 679, 277, 635, 4514, 2, 4),
(278, 678, 278, 660, 4226, 8, NULL),
(279, 679, 401, 657, 7561, 14, NULL),
(280, 679, 280, 635, 5956, 16, 5),
(281, 679, 281, 660, 2175, 16, NULL),
(282, 678, 282, 660, 5756, 13, NULL),
(283, 678, 283, 657, 4104, 5, 3),
(284, 678, 284, 635, 2364, 12, 2),
(285, 676, 285, 635, 8704, 10, NULL),
(286, 678, 286, 635, 2993, 8, NULL),
(287, 679, 287, 661, 4409, 20, NULL),
(288, 676, 288, 661, 3162, 20, NULL),
(289, 678, 289, 665, 5523, 9, NULL),
(290, 679, 290, 669, 9921, 2, 3),
(291, 679, 291, 635, 7864, 19, 3),
(292, 679, 292, 665, 8158, 6, 2),
(293, 676, 293, 656, 5883, 18, 4),
(294, 679, 294, 661, 3174, 16, 2),
(295, 678, 517, 661, 7332, 10, 2),
(296, 676, 296, 658, 4009, 13, 2),
(297, 679, 297, 661, 8316, 5, NULL),
(298, 678, 298, 665, 2414, 4, 3),
(299, 678, 299, 656, 2330, 17, NULL),
(300, 678, 655, 669, 9375, 2, NULL),
(301, 676, 301, 657, 7039, 18, NULL),
(302, 678, 302, 656, 8385, 15, NULL),
(303, 679, 303, 635, 3002, 9, 1),
(304, 676, 304, 668, 6648, 18, NULL),
(305, 678, 305, 661, 7545, 11, NULL),
(306, 678, 735, 669, 7992, 7, 2),
(307, 676, 307, 635, 9161, 5, NULL),
(308, 678, 713, 635, 4979, 6, 1),
(309, 676, 309, 665, 7149, 3, NULL),
(310, 678, 310, 660, 3636, 7, 4),
(311, 678, 501, 658, 4572, 20, 4),
(312, 679, 312, 661, 3700, 16, NULL),
(313, 678, 313, 658, 3495, 18, 1),
(314, 678, 671, 658, 4391, 6, 5),
(315, 679, 315, 656, 3700, 2, 3),
(316, 679, 316, 658, 8499, 4, NULL),
(317, 679, 317, 657, 7956, 1, NULL),
(318, 678, 318, 658, 6741, 7, 4),
(319, 678, 319, 658, 7087, 11, 2),
(320, 679, 320, 635, 6233, 1, 1),
(321, 676, 321, 665, 7299, 6, 2),
(322, 678, 322, 669, 7014, 7, NULL),
(323, 678, 323, 635, 7727, 16, NULL),
(324, 676, 477, 656, 8306, 15, 5),
(325, 676, 325, 660, 3002, 5, NULL),
(326, 679, 326, 635, 2156, 16, NULL),
(327, 679, 327, 656, 5280, 19, NULL),
(328, 676, 328, 658, 7928, 1, 3),
(329, 679, 944, 660, 6164, 11, 1),
(330, 679, 330, 669, 5502, 9, 4),
(331, 676, 331, 656, 6830, 20, 4),
(332, 678, 930, 657, 5380, 8, NULL),
(333, 678, 333, 661, 6259, 5, 4),
(334, 679, 334, 635, 8301, 14, NULL),
(335, 676, 810, 658, 6496, 11, 2),
(336, 676, 336, 661, 3656, 16, 2),
(337, 679, 337, 661, 4908, 18, NULL),
(338, 676, 338, 665, 9385, 15, 2),
(339, 679, 339, 658, 4750, 8, NULL),
(340, 679, 394, 660, 4528, 7, 5),
(341, 679, 341, 661, 8628, 12, NULL),
(342, 676, 807, 660, 8438, 7, 3),
(343, 676, 343, 661, 3491, 15, NULL),
(344, 679, 422, 656, 8000, 7, NULL),
(345, 679, 345, 660, 3256, 19, NULL),
(346, 676, 346, 660, 2254, 8, 5),
(347, 676, 347, 658, 7803, 8, NULL),
(348, 679, 686, 668, 2593, 14, 2),
(349, 679, 513, 657, 2614, 18, NULL),
(350, 679, 350, 657, 7895, 13, 5),
(351, 676, 351, 635, 8006, 6, 1),
(352, 679, 352, 635, 7335, 3, 5),
(353, 678, 353, 658, 3353, 15, NULL),
(354, 678, 640, 669, 7252, 14, 4),
(355, 676, 355, 658, 4213, 12, 3),
(356, 679, 356, 660, 2392, 20, 1),
(357, 678, 357, 668, 8344, 19, 2),
(358, 678, 358, 668, 2928, 15, NULL),
(359, 679, 359, 635, 3830, 5, NULL),
(360, 676, 360, 635, 6886, 18, 2),
(361, 679, 525, 656, 4275, 8, NULL),
(362, 678, 362, 665, 4503, 5, NULL),
(363, 679, 956, 661, 7903, 1, NULL),
(364, 676, 364, 658, 6590, 15, NULL),
(365, 678, 365, 660, 5988, 2, 5),
(366, 678, 366, 635, 3504, 9, 4),
(367, 678, 367, 661, 7153, 1, NULL),
(368, 676, 368, 660, 7485, 2, 1),
(369, 676, 369, 661, 7559, 20, NULL),
(370, 676, 370, 669, 5850, 17, NULL),
(371, 676, 371, 657, 4984, 12, NULL),
(372, 679, 372, 657, 9474, 4, 4),
(373, 676, 373, 660, 6231, 15, NULL),
(374, 676, 374, 668, 8147, 17, NULL),
(375, 679, 375, 669, 9067, 5, 5),
(376, 676, 376, 657, 2489, 1, 2),
(377, 678, 377, 656, 5606, 19, 5),
(378, 678, 378, 665, 6013, 10, NULL),
(379, 678, 379, 665, 3556, 1, NULL),
(380, 678, 380, 657, 9726, 2, 1),
(381, 676, 381, 669, 6610, 12, NULL),
(382, 678, 557, 668, 9269, 13, 2),
(383, 679, 383, 669, 7241, 1, 4),
(384, 679, 384, 668, 7632, 12, 5),
(385, 678, 385, 658, 7941, 14, NULL),
(386, 676, 386, 656, 8450, 2, NULL),
(387, 679, 922, 661, 7537, 10, NULL),
(388, 678, 743, 656, 2593, 20, 1),
(389, 679, 389, 660, 2355, 5, NULL),
(390, 676, 390, 657, 2567, 15, NULL),
(391, 678, 598, 668, 8745, 13, 5),
(392, 676, 392, 668, 6309, 5, 5),
(393, 679, 393, 661, 7431, 8, 5),
(394, 679, 394, 660, 8079, 18, 2),
(395, 676, 781, 669, 8844, 14, 1),
(396, 679, 728, 669, 5850, 4, 2),
(397, 676, 397, 635, 8104, 20, NULL),
(398, 678, 535, 669, 6316, 13, 1),
(399, 676, 399, 657, 9294, 11, NULL),
(400, 678, 400, 658, 2418, 7, NULL),
(401, 678, 401, 660, 6638, 13, NULL),
(402, 679, 402, 658, 4967, 3, 1),
(403, 678, 403, 661, 4496, 20, 1),
(404, 679, 404, 660, 9276, 12, NULL),
(405, 679, 868, 660, 6520, 2, NULL),
(406, 678, 406, 661, 9505, 6, 3),
(407, 679, 743, 657, 9268, 5, NULL),
(408, 676, 408, 658, 7728, 17, 2),
(409, 679, 409, 657, 5092, 19, 5),
(410, 676, 624, 668, 6689, 18, 3),
(411, 678, 411, 635, 4303, 8, NULL),
(412, 678, 412, 668, 3739, 5, 5),
(413, 678, 957, 660, 4777, 12, 5),
(414, 676, 957, 635, 7380, 13, NULL),
(415, 678, 414, 658, 3524, 12, NULL),
(416, 679, 415, 658, 4117, 5, NULL),
(417, 678, 416, 657, 2370, 5, NULL),
(418, 676, 417, 656, 3677, 3, NULL),
(419, 676, 418, 669, 5837, 14, NULL),
(420, 678, 419, 657, 8406, 7, NULL),
(421, 676, 420, 660, 5735, 4, NULL),
(422, 679, 421, 668, 8798, 15, 5),
(423, 679, 422, 656, 5836, 11, NULL),
(424, 676, 423, 658, 7729, 7, 3),
(425, 678, 424, 635, 4385, 1, NULL),
(426, 678, 425, 635, 5367, 13, NULL),
(427, 676, 426, 657, 2041, 8, 1),
(428, 678, 427, 635, 3720, 15, 2),
(429, 678, 428, 669, 7080, 4, 4),
(430, 679, 429, 635, 4753, 20, NULL),
(431, 678, 450, 658, 6746, 16, 5),
(432, 678, 431, 658, 7860, 8, 3),
(433, 676, 432, 656, 9516, 13, 3),
(434, 676, 433, 635, 6763, 16, 1),
(435, 679, 434, 668, 7375, 16, 2),
(436, 676, 435, 660, 5439, 14, 2),
(437, 676, 436, 660, 6877, 4, NULL),
(438, 679, 455, 658, 8618, 6, NULL),
(439, 679, 876, 635, 8236, 2, NULL),
(440, 679, 439, 669, 7865, 8, 2),
(441, 678, 440, 668, 4246, 11, NULL),
(442, 679, 441, 656, 5333, 19, NULL),
(443, 678, 442, 656, 9146, 3, 3),
(444, 679, 443, 656, 6442, 14, 4),
(445, 676, 444, 657, 4183, 6, 4),
(446, 678, 500, 669, 4741, 12, NULL),
(447, 676, 446, 657, 8888, 13, NULL),
(448, 676, 848, 660, 8958, 1, 1),
(449, 676, 448, 635, 8526, 2, NULL),
(450, 678, 449, 665, 4566, 2, NULL),
(451, 678, 450, 668, 2663, 16, NULL),
(452, 678, 810, 669, 3824, 9, NULL),
(453, 679, 452, 657, 2978, 5, 2),
(454, 679, 453, 668, 4395, 18, 2),
(455, 676, 869, 657, 3294, 13, NULL),
(456, 679, 455, 665, 8946, 14, NULL),
(457, 678, 456, 660, 6737, 8, 1),
(458, 679, 457, 668, 9946, 17, NULL),
(459, 676, 852, 665, 7571, 7, 3),
(460, 678, 459, 656, 8957, 18, NULL),
(461, 676, 460, 660, 9861, 10, 3),
(462, 676, 461, 661, 5998, 1, NULL),
(463, 678, 839, 661, 2495, 9, NULL),
(464, 678, 463, 665, 5070, 7, NULL),
(465, 679, 464, 665, 6622, 19, NULL),
(466, 679, 465, 635, 6980, 1, NULL),
(467, 678, 466, 635, 7570, 5, 5),
(468, 676, 467, 665, 4781, 18, 2),
(469, 679, 468, 657, 4297, 10, 4),
(470, 679, 469, 635, 5765, 9, 3),
(471, 679, 470, 668, 6741, 10, NULL),
(472, 679, 471, 656, 5473, 13, NULL),
(473, 679, 472, 660, 4923, 8, 1),
(474, 679, 473, 669, 2016, 18, NULL),
(475, 678, 828, 665, 3820, 2, 4),
(476, 678, 475, 668, 2646, 12, NULL),
(477, 679, 476, 635, 3225, 1, 1),
(478, 678, 477, 657, 8893, 7, NULL),
(479, 678, 478, 657, 8039, 8, NULL),
(480, 676, 479, 665, 5496, 18, NULL),
(481, 678, 480, 635, 4368, 11, 4),
(482, 679, 481, 665, 6725, 16, 5),
(483, 678, 482, 657, 5215, 6, NULL),
(484, 679, 483, 657, 3929, 17, 1),
(485, 679, 484, 665, 6050, 15, 5),
(486, 679, 485, 669, 8514, 8, 2),
(487, 678, 486, 661, 6034, 9, NULL),
(488, 676, 885, 656, 5608, 9, 1),
(489, 679, 488, 669, 5993, 17, 2),
(490, 678, 489, 657, 5001, 7, 4),
(491, 678, 490, 657, 5217, 12, NULL),
(492, 678, 829, 635, 9181, 1, 5),
(493, 676, 635, 665, 2106, 9, 2),
(494, 676, 493, 661, 6730, 18, NULL),
(495, 676, 494, 660, 2700, 12, NULL),
(496, 678, 500, 665, 8594, 9, 5),
(497, 678, 496, 661, 3558, 18, NULL),
(498, 679, 497, 656, 7471, 9, NULL),
(499, 679, 498, 668, 6359, 15, 2),
(500, 679, 499, 658, 9773, 19, NULL),
(501, 676, 500, 665, 6558, 14, 1),
(502, 678, 501, 668, 7401, 8, NULL),
(503, 679, 820, 658, 8308, 18, 5),
(504, 678, 503, 660, 2712, 10, NULL),
(505, 676, 504, 658, 3934, 20, 5),
(506, 676, 505, 658, 3135, 17, NULL),
(507, 679, 916, 669, 3980, 9, NULL),
(508, 676, 546, 669, 8602, 17, 2),
(509, 679, 508, 665, 3726, 4, NULL),
(510, 676, 509, 668, 3278, 10, 5),
(511, 679, 861, 665, 5716, 15, 5),
(512, 676, 511, 656, 7339, 1, NULL),
(513, 676, 512, 668, 3067, 19, 2),
(514, 676, 513, 635, 8297, 1, 4),
(515, 676, 514, 665, 9293, 17, NULL),
(516, 679, 515, 668, 4243, 2, 3),
(517, 678, 976, 658, 9630, 1, NULL),
(518, 679, 517, 635, 9844, 4, NULL),
(519, 676, 518, 661, 6688, 16, NULL),
(520, 678, 519, 660, 2949, 18, 2),
(521, 676, 520, 656, 2246, 6, 2),
(522, 676, 801, 661, 2302, 6, NULL),
(523, 679, 522, 657, 8961, 1, 1),
(524, 678, 523, 656, 3619, 7, 3),
(525, 676, 524, 665, 8100, 4, 1),
(526, 679, 525, 661, 3072, 16, NULL),
(527, 679, 526, 669, 2247, 19, 4),
(528, 678, 661, 635, 4941, 19, 5),
(529, 678, 528, 657, 6936, 2, 2),
(530, 676, 529, 658, 7002, 20, 2),
(531, 676, 530, 668, 2759, 7, 5),
(532, 679, 531, 657, 9988, 16, NULL),
(533, 678, 532, 635, 2646, 17, NULL),
(534, 676, 533, 661, 3093, 7, 3),
(535, 678, 534, 660, 4004, 10, NULL),
(536, 676, 535, 668, 4615, 11, NULL),
(537, 678, 536, 661, 3299, 10, NULL),
(538, 679, 537, 635, 2492, 3, NULL),
(539, 676, 538, 660, 8388, 20, 1),
(540, 679, 539, 665, 9823, 1, NULL),
(541, 676, 540, 656, 6092, 16, NULL),
(542, 678, 541, 657, 5594, 3, NULL),
(543, 676, 542, 668, 6468, 13, NULL),
(544, 676, 543, 635, 9838, 20, 5),
(545, 676, 544, 658, 2766, 20, NULL),
(546, 679, 545, 665, 8103, 4, 5),
(547, 678, 546, 658, 8608, 20, NULL),
(548, 679, 547, 668, 3902, 5, NULL),
(549, 676, 548, 661, 7206, 9, NULL),
(550, 678, 549, 657, 5184, 11, NULL),
(551, 678, 550, 668, 3609, 3, NULL),
(552, 679, 551, 635, 2152, 11, NULL),
(553, 678, 978, 656, 9704, 9, NULL),
(554, 679, 553, 660, 2061, 14, 3),
(555, 676, 554, 661, 2673, 17, NULL),
(556, 676, 555, 635, 8220, 11, 5),
(557, 679, 956, 665, 7887, 14, NULL),
(558, 676, 557, 635, 9163, 12, 2),
(559, 678, 558, 669, 2640, 3, NULL),
(560, 678, 559, 668, 2831, 8, 4),
(561, 676, 560, 669, 7404, 15, 4),
(562, 676, 561, 660, 8201, 16, 2),
(563, 676, 778, 657, 9646, 18, NULL),
(564, 676, 563, 661, 7551, 13, NULL),
(565, 679, 564, 669, 8941, 11, 2),
(566, 678, 565, 665, 3768, 4, 1),
(567, 676, 566, 661, 9370, 20, 4),
(568, 678, 567, 658, 7155, 1, NULL),
(569, 678, 568, 668, 6345, 2, NULL),
(570, 679, 569, 656, 2042, 4, NULL),
(571, 676, 570, 668, 2392, 20, NULL),
(572, 678, 571, 657, 4208, 5, 4),
(573, 679, 572, 661, 3141, 19, NULL),
(574, 679, 703, 669, 3532, 1, NULL),
(575, 676, 787, 660, 3247, 11, 4),
(576, 676, 715, 656, 5168, 14, 1),
(577, 678, 576, 665, 7111, 18, 5),
(578, 679, 577, 656, 4002, 12, 2),
(579, 676, 578, 669, 8824, 11, 5),
(580, 676, 579, 656, 3736, 17, 3),
(581, 676, 763, 658, 9772, 8, 1),
(582, 679, 581, 656, 3433, 11, NULL),
(583, 678, 582, 661, 3154, 12, NULL),
(584, 676, 583, 635, 6531, 10, 2),
(585, 678, 584, 656, 2844, 10, 5),
(586, 676, 585, 661, 2401, 19, 2),
(587, 679, 586, 656, 5440, 11, NULL),
(588, 676, 587, 669, 9390, 13, 5),
(589, 678, 588, 658, 7293, 4, 2),
(590, 676, 589, 658, 7088, 7, NULL),
(591, 676, 963, 635, 7948, 18, NULL),
(592, 678, 591, 657, 9323, 18, NULL),
(593, 678, 592, 635, 7876, 1, 2),
(594, 676, 752, 657, 8165, 4, NULL),
(595, 678, 594, 668, 9906, 9, NULL),
(596, 678, 595, 668, 8742, 16, NULL),
(597, 679, 596, 669, 4040, 19, 2),
(598, 676, 597, 656, 2256, 9, NULL),
(599, 676, 598, 665, 2593, 11, NULL),
(600, 676, 599, 665, 7375, 2, 5),
(601, 679, 600, 669, 7847, 10, 3),
(602, 678, 601, 660, 6509, 1, 1),
(603, 676, 747, 668, 4680, 13, 2),
(604, 676, 825, 669, 7767, 3, 1),
(605, 678, 604, 661, 8054, 9, 2),
(606, 679, 605, 661, 5765, 17, 1),
(607, 676, 606, 656, 5240, 12, NULL),
(608, 678, 607, 665, 3845, 13, 4),
(609, 676, 608, 661, 8646, 14, 2),
(610, 678, 609, 665, 4160, 12, 3),
(611, 678, 610, 661, 6272, 1, NULL),
(612, 678, 611, 660, 4654, 7, NULL),
(613, 679, 744, 656, 9282, 20, NULL),
(614, 676, 613, 661, 5152, 15, NULL),
(615, 676, 614, 635, 4213, 1, NULL),
(616, 679, 615, 658, 3105, 9, 3),
(617, 679, 616, 668, 6934, 8, 4),
(618, 679, 617, 658, 9775, 5, 4),
(619, 679, 882, 668, 5417, 11, 2),
(620, 679, 619, 661, 6675, 9, NULL),
(621, 678, 620, 668, 5740, 17, NULL),
(622, 679, 621, 658, 4781, 4, NULL),
(623, 678, 622, 660, 8377, 7, 2),
(624, 678, 623, 656, 8635, 20, NULL),
(625, 679, 624, 661, 4232, 10, 2),
(626, 676, 625, 661, 7218, 19, 1),
(627, 679, 626, 657, 9295, 7, NULL),
(628, 676, 627, 669, 6165, 9, NULL),
(629, 676, 628, 669, 3790, 13, 2),
(630, 678, 629, 656, 9364, 5, NULL),
(631, 678, 630, 668, 5970, 6, NULL),
(632, 676, 631, 669, 7974, 14, NULL),
(633, 676, 632, 635, 7343, 7, NULL),
(634, 678, 633, 656, 3913, 9, NULL),
(635, 679, 634, 661, 4565, 2, 3),
(636, 678, 635, 668, 3622, 15, NULL),
(637, 679, 636, 668, 5589, 10, NULL),
(638, 676, 662, 657, 2218, 5, NULL),
(639, 678, 638, 658, 2277, 4, 1),
(640, 679, 639, 635, 8973, 4, NULL),
(641, 676, 640, 665, 3779, 20, 5),
(642, 678, 641, 658, 6354, 9, NULL),
(643, 679, 642, 658, 7756, 5, 3),
(644, 676, 782, 658, 6918, 1, 5),
(645, 679, 644, 660, 9323, 10, NULL),
(646, 676, 645, 665, 2899, 4, 2),
(647, 678, 646, 660, 8643, 11, 1),
(648, 678, 963, 668, 4038, 13, 3),
(649, 678, 648, 669, 8687, 9, NULL),
(650, 679, 649, 660, 6907, 6, NULL),
(651, 676, 650, 668, 2850, 1, NULL),
(652, 679, 651, 658, 3343, 1, NULL),
(653, 676, 652, 658, 5508, 5, 5),
(654, 678, 653, 658, 3896, 12, 3),
(655, 676, 654, 665, 5042, 13, 2),
(656, 678, 655, 669, 8505, 9, NULL),
(657, 676, 656, 665, 4393, 7, NULL),
(658, 678, 657, 665, 3453, 13, NULL),
(659, 676, 658, 669, 3500, 20, NULL),
(660, 676, 659, 657, 5816, 9, 4),
(661, 676, 660, 661, 8150, 3, NULL),
(662, 678, 661, 665, 7270, 3, 1),
(663, 676, 662, 665, 6861, 12, 1),
(664, 679, 663, 665, 6903, 9, NULL),
(665, 678, 664, 656, 9053, 9, 1),
(666, 678, 665, 661, 6853, 10, NULL),
(667, 679, 666, 656, 4156, 17, NULL),
(668, 679, 667, 660, 8335, 17, NULL),
(669, 678, 668, 661, 8898, 15, 1),
(670, 678, 986, 656, 6174, 3, NULL),
(671, 676, 670, 660, 7445, 19, 2),
(672, 679, 671, 658, 3478, 16, 3),
(673, 679, 989, 669, 4196, 6, 5),
(674, 678, 673, 660, 2372, 8, 4),
(675, 676, 674, 658, 3436, 10, 1),
(676, 678, 675, 656, 8057, 6, NULL),
(677, 679, 676, 656, 5765, 18, NULL),
(678, 676, 677, 657, 5900, 12, NULL),
(679, 679, 678, 669, 8696, 11, NULL),
(680, 676, 679, 669, 2477, 4, NULL),
(681, 679, 680, 660, 6725, 6, 3),
(682, 678, 681, 661, 7514, 8, 1),
(683, 678, 682, 669, 4750, 8, 2),
(684, 676, 683, 669, 5309, 5, 1),
(685, 679, 684, 665, 9782, 9, NULL),
(686, 676, 685, 656, 6589, 3, NULL),
(687, 678, 686, 661, 4483, 19, 2),
(688, 679, 687, 635, 9044, 7, NULL),
(689, 676, 688, 657, 3504, 10, NULL),
(690, 676, 689, 660, 5531, 7, NULL),
(691, 679, 690, 656, 4255, 17, NULL),
(692, 678, 691, 665, 2145, 10, NULL),
(693, 679, 692, 656, 7897, 20, NULL),
(694, 679, 693, 656, 3742, 16, NULL),
(695, 676, 694, 668, 4721, 16, 5),
(696, 676, 695, 660, 2873, 1, 3),
(697, 679, 696, 665, 3398, 4, NULL),
(698, 679, 697, 668, 4927, 20, 5),
(699, 678, 698, 665, 2106, 3, 2),
(700, 679, 699, 656, 7614, 10, NULL),
(701, 679, 700, 656, 8634, 3, NULL),
(702, 679, 701, 656, 4925, 3, NULL),
(703, 676, 702, 661, 5273, 4, 1),
(704, 679, 703, 658, 9621, 16, 2),
(705, 679, 704, 665, 7371, 4, 1),
(706, 678, 705, 665, 7873, 2, 3),
(707, 679, 706, 635, 9871, 5, NULL),
(708, 678, 707, 669, 4164, 8, 3),
(709, 676, 729, 669, 5648, 19, NULL),
(710, 679, 730, 661, 9592, 1, NULL),
(711, 679, 710, 661, 2096, 1, 5),
(712, 679, 711, 665, 4386, 19, 1),
(713, 676, 712, 661, 7123, 11, NULL),
(714, 679, 713, 635, 3591, 18, 2),
(715, 679, 714, 668, 5449, 2, 3),
(716, 678, 715, 657, 4664, 16, NULL),
(717, 679, 716, 669, 7345, 11, NULL),
(718, 678, 717, 657, 7615, 7, NULL),
(719, 676, 718, 669, 6899, 3, 5),
(720, 679, 840, 665, 5107, 4, 5),
(721, 679, 720, 635, 5126, 13, 4),
(722, 679, 721, 656, 2131, 19, 4),
(723, 676, 722, 668, 6974, 6, 4),
(724, 679, 723, 668, 7298, 18, NULL),
(725, 679, 724, 657, 4936, 12, NULL),
(726, 678, 725, 658, 2962, 17, NULL),
(727, 678, 726, 657, 2321, 1, NULL),
(728, 676, 727, 658, 5312, 8, NULL),
(729, 676, 728, 669, 4524, 3, 3),
(730, 679, 729, 660, 9136, 3, NULL),
(731, 679, 730, 635, 6352, 4, 2),
(732, 676, 731, 660, 7378, 2, NULL),
(733, 676, 732, 660, 8147, 2, 5),
(734, 676, 733, 665, 5551, 17, 3),
(735, 678, 734, 635, 2683, 3, 3),
(736, 679, 735, 669, 9392, 17, NULL),
(737, 676, 736, 665, 2727, 1, NULL),
(738, 678, 843, 661, 2797, 17, 2),
(739, 678, 738, 658, 2709, 9, NULL),
(740, 679, 739, 661, 3062, 3, 1),
(741, 678, 740, 660, 8189, 3, NULL),
(742, 679, 741, 656, 3647, 19, 2),
(743, 678, 742, 669, 9409, 16, NULL),
(744, 678, 743, 668, 2786, 6, 1),
(745, 676, 744, 658, 2892, 8, NULL),
(746, 678, 745, 665, 8009, 15, NULL),
(747, 679, 746, 635, 5497, 13, 5),
(748, 678, 747, 661, 2451, 2, 4),
(749, 676, 748, 660, 9098, 4, NULL),
(750, 679, 940, 669, 2162, 7, NULL),
(751, 679, 868, 661, 2532, 7, 3),
(752, 679, 751, 669, 8831, 8, 5),
(753, 679, 752, 660, 8632, 15, NULL),
(754, 679, 753, 657, 9146, 13, 5),
(755, 676, 754, 660, 8348, 19, NULL),
(756, 678, 755, 657, 5009, 1, 2),
(757, 678, 756, 635, 9666, 15, NULL),
(758, 678, 757, 635, 3395, 4, 3),
(759, 678, 758, 668, 9917, 16, 1),
(760, 679, 759, 658, 9626, 16, NULL),
(761, 678, 760, 661, 4424, 19, 5),
(762, 676, 761, 635, 9825, 5, 4),
(763, 679, 762, 658, 9654, 11, 1),
(764, 679, 763, 665, 6212, 15, 4),
(765, 676, 764, 657, 3927, 20, 5),
(766, 678, 765, 657, 3414, 20, 2),
(767, 679, 766, 635, 4483, 8, NULL),
(768, 678, 767, 665, 6086, 1, 2),
(769, 676, 768, 668, 6745, 16, NULL),
(770, 676, 769, 661, 6166, 10, NULL),
(771, 678, 844, 665, 7841, 14, 3),
(772, 678, 771, 656, 4949, 7, 5),
(773, 679, 772, 668, 8462, 2, 3),
(774, 679, 773, 635, 9314, 4, NULL),
(775, 678, 774, 668, 5349, 8, 2),
(776, 676, 775, 668, 7659, 16, 3),
(777, 678, 776, 658, 7765, 16, 2),
(778, 679, 972, 665, 3703, 6, 2),
(779, 678, 778, 669, 9653, 19, NULL),
(780, 676, 988, 660, 2511, 5, NULL),
(781, 679, 780, 668, 6141, 1, 3),
(782, 676, 781, 660, 2973, 4, NULL),
(783, 676, 782, 656, 6145, 7, 3),
(784, 679, 783, 669, 5031, 7, NULL),
(785, 676, 784, 660, 4679, 15, NULL),
(786, 678, 785, 668, 3265, 7, 5),
(787, 676, 786, 657, 4666, 16, NULL),
(788, 678, 787, 661, 2078, 15, 3),
(789, 678, 788, 669, 3153, 5, 2),
(790, 678, 789, 657, 3369, 12, NULL),
(791, 679, 790, 668, 9265, 3, 1),
(792, 678, 791, 657, 3717, 4, 4),
(793, 679, 792, 658, 9518, 9, NULL),
(794, 676, 793, 669, 2912, 11, NULL),
(795, 678, 794, 661, 5419, 7, NULL),
(796, 679, 795, 660, 5423, 18, NULL),
(797, 678, 796, 665, 9926, 7, NULL),
(798, 676, 797, 669, 4713, 2, 5),
(799, 679, 798, 669, 5690, 20, NULL),
(800, 676, 799, 658, 7496, 6, 3),
(801, 676, 800, 656, 8220, 12, NULL),
(802, 678, 801, 665, 4721, 7, 3),
(803, 676, 802, 635, 6247, 9, 2),
(804, 679, 803, 660, 2372, 1, NULL),
(805, 676, 804, 660, 8136, 6, NULL),
(806, 678, 805, 657, 5940, 5, NULL),
(807, 676, 806, 661, 8381, 8, 1),
(808, 676, 807, 657, 3241, 6, 2),
(809, 679, 808, 660, 9092, 20, 2),
(810, 676, 809, 668, 3710, 19, NULL),
(811, 679, 810, 656, 7862, 3, NULL),
(812, 676, 811, 657, 9993, 12, NULL),
(813, 676, 812, 668, 4716, 17, 5),
(814, 678, 813, 661, 7359, 7, NULL),
(815, 679, 814, 661, 3565, 4, 5),
(816, 676, 815, 669, 6825, 12, 2),
(817, 676, 816, 661, 5547, 7, NULL),
(818, 676, 817, 665, 5520, 12, 3),
(819, 678, 818, 660, 5163, 7, NULL),
(820, 678, 819, 661, 7880, 6, 3),
(821, 678, 820, 669, 8949, 5, NULL),
(822, 676, 821, 665, 6872, 15, NULL),
(823, 679, 822, 660, 5262, 9, NULL),
(824, 679, 823, 661, 7966, 13, 1),
(825, 679, 906, 669, 3535, 19, NULL),
(826, 679, 825, 669, 9279, 18, NULL),
(827, 679, 826, 661, 4635, 9, 5),
(828, 679, 827, 665, 3716, 11, 3),
(829, 678, 828, 669, 7497, 20, 1),
(830, 678, 829, 669, 7236, 12, NULL),
(831, 679, 830, 656, 3612, 15, NULL),
(832, 679, 831, 669, 7530, 1, 2),
(833, 678, 832, 660, 4232, 3, 5),
(834, 678, 833, 668, 6576, 11, NULL),
(835, 676, 834, 635, 4215, 9, 1),
(836, 676, 835, 665, 4906, 8, 2),
(837, 679, 836, 665, 7551, 10, 5),
(838, 676, 837, 657, 7188, 18, NULL),
(839, 678, 838, 668, 2801, 9, 2),
(840, 676, 839, 665, 7904, 10, 2),
(841, 676, 840, 661, 8240, 13, 4),
(842, 678, 841, 635, 2087, 6, 5),
(843, 678, 842, 668, 8775, 3, NULL),
(844, 679, 843, 656, 9051, 20, 5),
(845, 678, 844, 669, 9693, 17, NULL),
(846, 676, 845, 657, 4316, 17, NULL),
(847, 676, 846, 660, 7435, 19, NULL),
(848, 678, 847, 660, 4560, 20, NULL),
(849, 678, 848, 665, 6659, 18, 2),
(850, 676, 849, 656, 8255, 2, NULL),
(851, 679, 850, 665, 5937, 11, 4),
(852, 678, 851, 661, 7347, 8, 5),
(853, 679, 852, 656, 6762, 2, 3),
(854, 679, 853, 658, 5369, 7, 1),
(855, 678, 854, 668, 6897, 20, 2),
(856, 679, 855, 661, 2499, 8, NULL),
(857, 676, 856, 635, 7314, 17, NULL),
(858, 676, 857, 656, 9285, 19, 3),
(859, 678, 858, 669, 7503, 6, NULL),
(860, 679, 859, 661, 8971, 17, NULL),
(861, 676, 860, 668, 7176, 6, 4),
(862, 676, 861, 668, 4808, 10, 2),
(863, 676, 862, 669, 8191, 2, NULL),
(864, 676, 863, 668, 2947, 10, NULL),
(865, 678, 864, 658, 8619, 13, 2),
(866, 676, 865, 668, 5015, 8, 5),
(867, 678, 866, 665, 5700, 16, 5),
(868, 678, 867, 665, 3695, 6, 1),
(869, 678, 868, 657, 4694, 10, 5),
(870, 678, 869, 660, 2387, 11, NULL),
(871, 676, 870, 658, 8495, 19, 1),
(872, 678, 871, 656, 7556, 16, NULL),
(873, 678, 872, 635, 5282, 5, 4),
(874, 676, 873, 657, 7713, 20, NULL),
(875, 676, 874, 668, 6706, 13, NULL),
(876, 679, 875, 665, 3452, 19, NULL),
(877, 676, 876, 656, 8274, 3, NULL),
(878, 678, 877, 660, 5086, 4, NULL),
(879, 679, 878, 658, 2937, 13, NULL),
(880, 679, 879, 656, 6185, 1, NULL),
(881, 676, 880, 660, 8758, 5, NULL),
(882, 678, 881, 668, 7686, 13, NULL),
(883, 679, 882, 635, 2029, 17, NULL),
(884, 676, 883, 657, 7315, 8, NULL),
(885, 678, 884, 656, 8456, 14, 3),
(886, 676, 885, 658, 8766, 10, NULL),
(887, 679, 886, 669, 8772, 6, NULL),
(888, 678, 887, 665, 7588, 9, 1),
(889, 679, 888, 668, 9511, 3, NULL),
(890, 679, 889, 665, 6114, 1, 1),
(891, 679, 890, 657, 7496, 7, 5),
(892, 678, 891, 669, 8117, 7, 1),
(893, 676, 892, 658, 4345, 12, 5),
(894, 678, 893, 665, 7651, 2, 3),
(895, 679, 894, 658, 8059, 3, 4),
(896, 676, 895, 669, 3168, 6, 1),
(897, 676, 896, 657, 6289, 12, 1),
(898, 678, 897, 635, 4269, 13, NULL),
(899, 678, 898, 669, 9819, 13, NULL),
(900, 679, 899, 660, 7473, 10, 2),
(901, 676, 900, 668, 7568, 17, 5),
(902, 676, 901, 668, 3312, 4, NULL),
(903, 676, 902, 657, 6644, 7, NULL),
(904, 678, 903, 656, 9658, 14, 1),
(905, 676, 904, 660, 7388, 13, 4),
(906, 678, 905, 668, 2371, 5, NULL),
(907, 678, 906, 657, 2015, 14, 1),
(908, 678, 907, 657, 5628, 4, NULL),
(909, 676, 908, 661, 9951, 6, NULL),
(910, 679, 909, 665, 5134, 14, 5),
(911, 679, 910, 668, 6502, 1, 3),
(912, 678, 911, 635, 4999, 16, NULL),
(913, 678, 912, 668, 4875, 6, NULL),
(914, 679, 913, 668, 5322, 6, NULL),
(915, 676, 914, 635, 3340, 4, NULL),
(916, 676, 915, 660, 6900, 10, NULL),
(917, 679, 916, 658, 6907, 4, 1),
(918, 676, 917, 668, 6585, 9, NULL),
(919, 679, 918, 660, 3625, 14, 4),
(920, 676, 919, 668, 9761, 6, NULL),
(921, 676, 920, 657, 4077, 3, 1),
(922, 679, 921, 668, 5090, 9, NULL),
(923, 676, 922, 635, 9553, 15, NULL),
(924, 678, 923, 665, 6162, 10, 3),
(925, 678, 924, 660, 6578, 1, NULL),
(926, 676, 925, 665, 7192, 4, NULL),
(927, 676, 926, 669, 6341, 13, NULL),
(928, 679, 927, 665, 3405, 20, NULL),
(929, 679, 928, 665, 4876, 18, NULL),
(930, 676, 929, 658, 5730, 19, NULL),
(931, 676, 930, 661, 3681, 16, 3),
(932, 678, 931, 661, 2850, 18, 2),
(933, 678, 932, 658, 9616, 13, 2),
(934, 679, 933, 668, 3364, 8, 2),
(935, 679, 934, 656, 2735, 16, NULL),
(936, 678, 935, 660, 4369, 17, NULL),
(937, 676, 936, 661, 8129, 10, NULL),
(938, 678, 937, 635, 9963, 20, 5),
(939, 678, 938, 656, 8067, 8, NULL),
(940, 676, 939, 665, 8927, 17, NULL),
(941, 679, 940, 660, 7068, 11, NULL),
(942, 676, 941, 668, 8277, 9, 4),
(943, 679, 942, 669, 2300, 13, NULL),
(944, 679, 943, 668, 7251, 19, 3),
(945, 676, 944, 661, 9402, 1, NULL),
(946, 678, 945, 661, 2940, 8, 5),
(947, 679, 946, 635, 6916, 10, NULL),
(948, 679, 947, 661, 4595, 6, NULL),
(949, 676, 948, 668, 7389, 10, 3),
(950, 678, 949, 635, 5770, 10, 1),
(951, 679, 950, 657, 2389, 15, NULL),
(952, 679, 951, 665, 5833, 15, 4),
(953, 676, 952, 635, 2786, 15, 1),
(954, 676, 999, 658, 5616, 16, 4),
(955, 678, 954, 665, 4887, 13, 3),
(956, 678, 955, 658, 3437, 18, NULL),
(957, 678, 956, 656, 6091, 12, 2),
(958, 678, 957, 665, 6501, 13, NULL),
(959, 676, 958, 656, 6415, 8, 1),
(960, 676, 959, 661, 7490, 16, NULL),
(961, 678, 960, 661, 4954, 15, 1),
(962, 678, 961, 665, 3896, 7, NULL),
(963, 678, 962, 656, 6788, 6, 4),
(964, 676, 963, 665, 3433, 3, 4),
(965, 679, 964, 657, 3132, 10, 2),
(966, 676, 965, 668, 2959, 2, NULL),
(967, 676, 966, 657, 2736, 13, 1),
(968, 679, 967, 668, 4977, 19, 2),
(969, 678, 968, 657, 8928, 6, 1),
(970, 678, 969, 661, 8260, 15, NULL),
(971, 679, 970, 669, 5639, 1, 3),
(972, 679, 971, 665, 9049, 19, NULL),
(973, 678, 972, 669, 6871, 15, 4),
(974, 679, 973, 657, 3388, 19, NULL),
(975, 679, 974, 658, 3288, 15, 2),
(976, 679, 975, 661, 2093, 14, NULL),
(977, 678, 976, 669, 9331, 12, 5),
(978, 678, 977, 669, 5081, 7, 3),
(979, 679, 978, 668, 6086, 7, 4),
(980, 679, 979, 665, 4952, 5, 2),
(981, 676, 980, 665, 2244, 2, 4),
(982, 678, 981, 656, 4921, 19, NULL),
(983, 678, 982, 656, 8696, 1, 4),
(984, 676, 983, 657, 8830, 19, NULL),
(985, 679, 984, 658, 8768, 16, 3),
(986, 676, 985, 635, 8555, 14, 1),
(987, 679, 986, 669, 9618, 13, 1),
(988, 679, 987, 660, 5605, 1, NULL),
(989, 679, 988, 661, 9118, 5, 5),
(990, 676, 989, 665, 9985, 18, 4),
(991, 676, 990, 660, 3991, 8, 4),
(992, 678, 991, 668, 4311, 10, NULL),
(993, 678, 992, 669, 5524, 8, NULL),
(994, 676, 993, 665, 3371, 12, 5),
(995, 679, 994, 657, 3096, 7, 2),
(996, 678, 995, 668, 7652, 3, 4),
(997, 678, 996, 669, 6754, 12, NULL),
(998, 678, 997, 669, 5278, 3, 5),
(999, 679, 998, 668, 5437, 9, 4),
(1000, 679, 999, 669, 7364, 4, 2);

--
-- Indexes for dumped tables
--

--
-- Indexes for table `dimdate`
--
ALTER TABLE `dimdate`
  ADD PRIMARY KEY (`DateID`);

--
-- Indexes for table `dimdepartment`
--
ALTER TABLE `dimdepartment`
  ADD PRIMARY KEY (`DepartmentID`);

--
-- Indexes for table `dimemployee`
--
ALTER TABLE `dimemployee`
  ADD PRIMARY KEY (`EmployeeID`);

--
-- Indexes for table `dimlocation`
--
ALTER TABLE `dimlocation`
  ADD PRIMARY KEY (`LocationID`);

--
-- Indexes for table `factemployeeperformance`
--
ALTER TABLE `factemployeeperformance`
  ADD KEY `EmployeeID` (`EmployeeID`),
  ADD KEY `DepartmentID` (`DepartmentID`),
  ADD KEY `DateID` (`DateID`),
  ADD KEY `LocationID` (`LocationID`);

--
-- AUTO_INCREMENT for dumped tables
--

--
-- AUTO_INCREMENT for table `dimdate`
--
ALTER TABLE `dimdate`
  MODIFY `DateID` int NOT NULL AUTO_INCREMENT, AUTO_INCREMENT=1000;

--
-- AUTO_INCREMENT for table `dimdepartment`
--
ALTER TABLE `dimdepartment`
  MODIFY `DepartmentID` int NOT NULL AUTO_INCREMENT, AUTO_INCREMENT=680;

--
-- AUTO_INCREMENT for table `dimlocation`
--
ALTER TABLE `dimlocation`
  MODIFY `LocationID` int NOT NULL AUTO_INCREMENT, AUTO_INCREMENT=670;

--
-- Constraints for dumped tables
--

--
-- Constraints for table `factemployeeperformance`
--
ALTER TABLE `factemployeeperformance`
  ADD CONSTRAINT `factemployeeperformance_ibfk_1` FOREIGN KEY (`EmployeeID`) REFERENCES `dimemployee` (`EmployeeID`),
  ADD CONSTRAINT `factemployeeperformance_ibfk_2` FOREIGN KEY (`DepartmentID`) REFERENCES `dimdepartment` (`DepartmentID`),
  ADD CONSTRAINT `factemployeeperformance_ibfk_3` FOREIGN KEY (`DateID`) REFERENCES `dimdate` (`DateID`),
  ADD CONSTRAINT `factemployeeperformance_ibfk_4` FOREIGN KEY (`LocationID`) REFERENCES `dimlocation` (`LocationID`);
COMMIT;

/*!40101 SET CHARACTER_SET_CLIENT=@OLD_CHARACTER_SET_CLIENT */;
/*!40101 SET CHARACTER_SET_RESULTS=@OLD_CHARACTER_SET_RESULTS */;
/*!40101 SET COLLATION_CONNECTION=@OLD_COLLATION_CONNECTION */;
